Loan_ID,Gender,Married,Dependents,Education,Self_Employed,ApplicantIncome,CoapplicantIncome,LoanAmount,Loan_Amount_Term,Credit_History,Property_Area,Loan_Status,TotalIncome,TotalIncome_log,LoanAmount_log,EMI,Income_Loan_Ratio
LP001002,1,0,0,0,0,5849,0.0,128.0,360.0,1.0,2,1,5849.0,8.674025985443025,4.852030263919617,0.35555555555555557,45.6953125
LP001003,1,1,1,0,0,4583,1508.0,128.0,360.0,1.0,0,0,6091.0,8.714567550836485,4.852030263919617,0.35555555555555557,47.5859375
LP001005,1,1,0,0,1,3000,0.0,66.0,360.0,1.0,2,1,3000.0,8.006367567650246,4.189654742026425,0.18333333333333332,45.45454545454545
LP001006,1,1,0,1,0,2583,2358.0,120.0,360.0,1.0,2,1,4941.0,8.50532301884575,4.787491742782046,0.3333333333333333,41.175
LP001008,1,0,0,0,0,6000,0.0,141.0,360.0,1.0,2,1,6000.0,8.699514748210191,4.948759890378168,0.39166666666666666,42.5531914893617
LP001011,1,1,2,0,1,5417,4196.0,267.0,360.0,1.0,2,1,9613.0,9.170871628065816,5.58724865840025,0.7416666666666667,36.00374531835206
LP001013,1,1,0,1,0,2333,1516.0,95.0,360.0,1.0,2,1,3849.0,8.255568653283746,4.553876891600541,0.2638888888888889,40.51578947368421
LP001014,1,1,3,0,0,3036,2504.0,158.0,360.0,0.0,1,0,5540.0,8.61974977974133,5.062595033026967,0.4388888888888889,35.063291139240505
LP001018,1,1,2,0,0,4006,1526.0,168.0,360.0,1.0,2,1,5532.0,8.61830469278465,5.123963979403259,0.4666666666666667,32.92857142857143
LP001020,1,1,1,0,0,12841,10968.0,349.0,360.0,1.0,1,0,23809.0,10.077818939438902,5.855071922202427,0.9694444444444444,68.22063037249283
LP001024,1,1,2,0,0,3200,700.0,70.0,360.0,1.0,2,1,3900.0,8.268731832117737,4.248495242049359,0.19444444444444445,55.714285714285715
LP001027,1,1,2,0,0,2500,1840.0,109.0,360.0,1.0,2,1,4340.0,8.375629627094451,4.6913478822291435,0.30277777777777776,39.81651376146789
LP001028,1,1,2,0,0,3073,8106.0,200.0,360.0,1.0,2,1,11179.0,9.321792297270326,5.298317366548036,0.5555555555555556,55.895
LP001029,1,0,0,0,0,1853,2840.0,114.0,360.0,1.0,0,0,4693.0,8.453827315794417,4.736198448394496,0.31666666666666665,41.166666666666664
LP001030,1,1,2,0,0,1299,1086.0,17.0,120.0,1.0,2,1,2385.0,7.776954403322442,2.833213344056216,0.14166666666666666,140.2941176470588
LP001032,1,0,0,0,0,4950,0.0,125.0,360.0,1.0,2,1,4950.0,8.507142855562735,4.8283137373023015,0.3472222222222222,39.6
LP001034,1,0,1,1,0,3596,0.0,100.0,240.0,1.0,2,1,3596.0,8.18757739559151,4.605170185988092,0.4166666666666667,35.96
LP001036,0,0,0,0,0,3510,0.0,76.0,360.0,0.0,2,0,3510.0,8.163371316459912,4.330733340286331,0.2111111111111111,46.18421052631579
LP001038,1,1,0,1,0,4887,0.0,133.0,360.0,1.0,0,0,4887.0,8.494333897270154,4.890349128221754,0.36944444444444446,36.744360902255636
LP001041,1,1,0,0,0,2600,3500.0,115.0,360.0,1.0,2,1,6100.0,8.716044050161402,4.74493212836325,0.3194444444444444,53.04347826086956
LP001043,1,1,0,1,0,7660,0.0,104.0,360.0,0.0,2,0,7660.0,8.943767262734637,4.6443908991413725,0.28888888888888886,73.65384615384616
LP001046,1,1,1,0,0,5955,5625.0,315.0,360.0,1.0,2,1,11580.0,9.357034751126987,5.752572638825633,0.875,36.76190476190476
LP001047,1,1,0,1,0,2600,1911.0,116.0,360.0,0.0,1,0,4511.0,8.414274137408396,4.7535901911063645,0.32222222222222224,38.88793103448276
LP001050,1,1,2,1,0,3365,1917.0,112.0,360.0,0.0,0,0,5282.0,8.572060092857077,4.718498871295094,0.3111111111111111,47.160714285714285
LP001052,1,1,1,0,0,3717,2925.0,151.0,360.0,1.0,1,0,6642.0,8.801168401936692,5.017279836814924,0.41944444444444445,43.98675496688742
LP001066,1,1,0,0,1,9560,0.0,191.0,360.0,1.0,1,1,9560.0,9.165343006045447,5.25227342804663,0.5305555555555556,50.05235602094241
LP001068,1,1,0,0,0,2799,2253.0,122.0,360.0,1.0,1,1,5052.0,8.527539483470381,4.804021044733257,0.3388888888888889,41.40983606557377
LP001073,1,1,2,1,0,4226,1040.0,110.0,360.0,1.0,2,1,5266.0,8.569026340056254,4.700480365792417,0.3055555555555556,47.872727272727275
LP001086,1,0,0,1,0,1442,0.0,35.0,360.0,1.0,2,0,1442.0,7.273786317844895,3.5553480614894135,0.09722222222222222,41.2
LP001087,0,0,2,0,0,3750,2083.0,120.0,360.0,1.0,1,1,5833.0,8.671286726753637,4.787491742782046,0.3333333333333333,48.608333333333334
LP001091,1,1,1,0,0,4166,3369.0,201.0,360.0,1.0,2,0,7535.0,8.927314111060596,5.303304908059076,0.5583333333333333,37.48756218905473
LP001095,1,0,0,0,0,3167,0.0,74.0,360.0,1.0,2,0,3167.0,8.06054004653864,4.30406509320417,0.20555555555555555,42.7972972972973
LP001097,1,0,1,0,1,4692,0.0,106.0,360.0,1.0,0,0,4692.0,8.453614209773367,4.663439094112067,0.29444444444444445,44.264150943396224
LP001098,1,1,0,0,0,3500,1667.0,114.0,360.0,1.0,1,1,5167.0,8.550047528287184,4.736198448394496,0.31666666666666665,45.324561403508774
LP001100,1,0,3,0,0,12500,3000.0,320.0,360.0,1.0,0,0,15500.0,9.648595302907339,5.768320995793772,0.8888888888888888,48.4375
LP001106,1,1,0,0,0,2275,2067.0,128.0,360.0,1.0,2,1,4342.0,8.376090350438238,4.852030263919617,0.35555555555555557,33.921875
LP001109,1,1,0,0,0,1828,1330.0,100.0,360.0,0.0,2,0,3158.0,8.057694194815587,4.605170185988092,0.2777777777777778,31.58
LP001112,0,1,0,0,0,3667,1459.0,144.0,360.0,1.0,1,1,5126.0,8.542080906924017,4.969813299576001,0.4,35.59722222222222
LP001114,1,0,0,0,0,4166,7210.0,184.0,360.0,1.0,2,1,11376.0,9.339261152043022,5.214935757608986,0.5111111111111111,61.82608695652174
LP001116,1,0,0,1,0,3748,1668.0,110.0,360.0,1.0,1,1,5416.0,8.59711281459211,4.700480365792417,0.3055555555555556,49.236363636363635
LP001119,1,0,0,0,0,3600,0.0,80.0,360.0,1.0,2,0,3600.0,8.1886891244442,4.382026634673881,0.2222222222222222,45.0
LP001120,1,0,0,0,0,1800,1213.0,47.0,360.0,1.0,2,1,3013.0,8.0106915391303,3.8501476017100584,0.13055555555555556,64.1063829787234
LP001123,1,1,0,0,0,2400,0.0,75.0,360.0,1.0,2,1,2400.0,7.783224016336037,4.31748811353631,0.20833333333333334,32.0
LP001131,1,1,0,0,0,3941,2336.0,134.0,360.0,1.0,1,1,6277.0,8.744647438317532,4.897839799950911,0.37222222222222223,46.843283582089555
LP001136,1,1,0,1,1,4695,0.0,96.0,360.0,1.0,2,1,4695.0,8.454253391642363,4.564348191467836,0.26666666666666666,48.90625
LP001137,0,0,0,0,0,3410,0.0,88.0,360.0,1.0,2,1,3410.0,8.134467570277563,4.477336814478207,0.24444444444444444,38.75
LP001138,1,1,1,0,0,5649,0.0,44.0,360.0,1.0,2,1,5649.0,8.639233817325263,3.784189633918261,0.12222222222222222,128.38636363636363
LP001144,1,1,0,0,0,5821,0.0,144.0,360.0,1.0,2,1,5821.0,8.669227347271736,4.969813299576001,0.4,40.423611111111114
LP001146,0,1,0,0,0,2645,3440.0,120.0,360.0,0.0,2,0,6085.0,8.713582005421628,4.787491742782046,0.3333333333333333,50.708333333333336
LP001151,0,0,0,0,0,4000,2275.0,144.0,360.0,1.0,1,1,6275.0,8.744328763999984,4.969813299576001,0.4,43.576388888888886
LP001155,0,1,0,1,0,1928,1644.0,100.0,360.0,1.0,1,1,3572.0,8.18088094199639,4.605170185988092,0.2777777777777778,35.72
LP001157,0,0,0,0,0,3086,0.0,120.0,360.0,1.0,1,1,3086.0,8.034631032923107,4.787491742782046,0.3333333333333333,25.716666666666665
LP001164,0,0,0,0,0,4230,0.0,112.0,360.0,1.0,1,0,4230.0,8.349957272040324,4.718498871295094,0.3111111111111111,37.767857142857146
LP001179,1,1,2,0,0,4616,0.0,134.0,360.0,1.0,2,0,4616.0,8.437283808187935,4.897839799950911,0.37222222222222223,34.44776119402985
LP001186,0,1,1,0,1,11500,0.0,286.0,360.0,0.0,2,0,11500.0,9.350102314351341,5.655991810819852,0.7944444444444444,40.20979020979021
LP001194,1,1,2,0,0,2708,1167.0,97.0,360.0,1.0,1,1,3875.0,8.262300941787448,4.574710978503383,0.26944444444444443,39.94845360824742
LP001195,1,1,0,0,0,2132,1591.0,96.0,360.0,1.0,1,1,3723.0,8.222285073872717,4.564348191467836,0.26666666666666666,38.78125
LP001197,1,1,0,0,0,3366,2200.0,135.0,360.0,1.0,0,0,5566.0,8.624431942085836,4.90527477843843,0.375,41.22962962962963
LP001198,1,1,1,0,0,8080,2250.0,180.0,360.0,1.0,2,1,10330.0,9.242807562113684,5.19295685089021,0.5,57.388888888888886
LP001199,1,1,2,1,0,3357,2859.0,144.0,360.0,1.0,2,1,6216.0,8.734881892047483,4.969813299576001,0.4,43.166666666666664
LP001205,1,1,0,0,0,2500,3796.0,120.0,360.0,1.0,2,1,6296.0,8.74766979009724,4.787491742782046,0.3333333333333333,52.46666666666667
LP001206,1,1,3,0,0,3029,0.0,99.0,360.0,1.0,2,1,3029.0,8.015987811027237,4.59511985013459,0.275,30.595959595959595
LP001207,1,1,0,1,1,2609,3449.0,165.0,180.0,0.0,0,0,6058.0,8.709134991587183,5.10594547390058,0.9166666666666666,36.71515151515152
LP001213,1,1,1,0,0,4945,0.0,128.0,360.0,0.0,0,0,4945.0,8.506132244056813,4.852030263919617,0.35555555555555557,38.6328125
LP001222,0,0,0,0,0,4166,0.0,116.0,360.0,0.0,1,0,4166.0,8.334711621820917,4.7535901911063645,0.32222222222222224,35.91379310344828
LP001225,1,1,0,0,0,5726,4595.0,258.0,360.0,1.0,1,0,10321.0,9.241935933565934,5.552959584921617,0.7166666666666667,40.00387596899225
LP001228,1,0,0,1,0,3200,2254.0,126.0,180.0,0.0,2,0,5454.0,8.604104563405533,4.836281906951478,0.7,43.285714285714285
LP001233,1,1,1,0,0,10750,0.0,312.0,360.0,1.0,2,1,10750.0,9.28266103355581,5.7430031878094825,0.8666666666666667,34.455128205128204
LP001238,1,1,3,1,1,7100,0.0,125.0,60.0,1.0,2,1,7100.0,8.867850063029406,4.8283137373023015,2.0833333333333335,56.8
LP001241,0,0,0,0,0,4300,0.0,136.0,360.0,0.0,1,0,4300.0,8.366370301681654,4.912654885736052,0.37777777777777777,31.61764705882353
LP001243,1,1,0,0,0,3208,3066.0,172.0,360.0,1.0,2,1,6274.0,8.744169388750624,5.147494476813453,0.4777777777777778,36.47674418604651
LP001245,1,1,2,1,1,1875,1875.0,97.0,360.0,1.0,1,1,3750.0,8.229511118964457,4.574710978503383,0.26944444444444443,38.65979381443299
LP001248,1,0,0,0,0,3500,0.0,81.0,300.0,1.0,1,1,3500.0,8.160518247477505,4.394449154672439,0.27,43.20987654320987
LP001250,1,1,3,1,0,4755,0.0,95.0,360.0,0.0,1,0,4755.0,8.46695197497949,4.553876891600541,0.2638888888888889,50.05263157894737
LP001253,1,1,3,0,1,5266,1774.0,187.0,360.0,1.0,1,1,7040.0,8.859363449152088,5.231108616854587,0.5194444444444445,37.64705882352941
LP001255,1,0,0,0,0,3750,0.0,113.0,480.0,1.0,2,0,3750.0,8.229511118964457,4.727387818712341,0.23541666666666666,33.1858407079646
LP001256,1,0,0,0,0,3750,4750.0,176.0,360.0,1.0,2,0,8500.0,9.047821442478408,5.170483995038151,0.4888888888888889,48.29545454545455
LP001259,1,1,1,0,1,1000,3022.0,110.0,360.0,1.0,2,0,4022.0,8.299534570332597,4.700480365792417,0.3055555555555556,36.56363636363636
LP001263,1,1,3,0,0,3167,4000.0,180.0,300.0,0.0,1,0,7167.0,8.877242435993919,5.19295685089021,0.6,39.81666666666667
LP001264,1,1,3,1,1,3333,2166.0,130.0,360.0,1.0,1,1,5499.0,8.612321536507814,4.867534450455582,0.3611111111111111,42.3
LP001265,0,0,0,0,0,3846,0.0,111.0,360.0,1.0,1,1,3846.0,8.254788926148725,4.709530201312334,0.30833333333333335,34.648648648648646
LP001266,1,1,1,0,1,2395,0.0,128.0,360.0,1.0,1,1,2395.0,7.781138509845015,4.852030263919617,0.35555555555555557,18.7109375
LP001267,0,1,2,0,0,1378,1881.0,167.0,360.0,1.0,2,0,3259.0,8.089175678837561,5.117993812416755,0.4638888888888889,19.51497005988024
LP001273,1,1,0,0,0,6000,2250.0,265.0,360.0,1.0,1,0,8250.0,9.017968479328726,5.579729825986222,0.7361111111111112,31.132075471698112
LP001275,1,1,1,0,0,3988,0.0,50.0,240.0,1.0,2,1,3988.0,8.291045131081729,3.912023005428146,0.20833333333333334,79.76
LP001279,1,0,0,0,0,2366,2531.0,136.0,360.0,1.0,1,1,4897.0,8.496378051702317,4.912654885736052,0.37777777777777777,36.00735294117647
LP001280,1,1,2,1,0,3333,2000.0,99.0,360.0,1.0,1,1,5333.0,8.581669210600602,4.59511985013459,0.275,53.86868686868687
LP001282,1,1,0,0,0,2500,2118.0,104.0,360.0,1.0,1,1,4618.0,8.43771698991444,4.6443908991413725,0.28888888888888886,44.40384615384615
LP001289,1,0,0,0,0,8566,0.0,210.0,360.0,1.0,2,1,8566.0,9.055556158175316,5.3471075307174685,0.5833333333333334,40.79047619047619
LP001310,1,1,0,0,0,5695,4167.0,175.0,360.0,1.0,1,1,9862.0,9.196444266784072,5.1647859739235145,0.4861111111111111,56.354285714285716
LP001316,1,1,0,0,0,2958,2900.0,131.0,360.0,1.0,1,1,5858.0,8.675563527387679,4.875197323201151,0.3638888888888889,44.717557251908396
LP001318,1,1,2,0,0,6250,5654.0,188.0,180.0,1.0,1,1,11904.0,9.384629757072872,5.236441962829949,1.0444444444444445,63.319148936170215
LP001319,1,1,2,1,0,3273,1820.0,81.0,360.0,1.0,2,1,5093.0,8.535622326884605,4.394449154672439,0.225,62.876543209876544
LP001322,1,0,0,0,0,4133,0.0,122.0,360.0,1.0,1,1,4133.0,8.326758814511733,4.804021044733257,0.3388888888888889,33.877049180327866
LP001325,1,0,0,1,0,3620,0.0,25.0,120.0,1.0,1,1,3620.0,8.194229304819817,3.2188758248682006,0.20833333333333334,144.8
LP001326,1,0,0,0,0,6782,0.0,128.0,360.0,1.0,2,0,6782.0,8.822027322685583,4.852030263919617,0.35555555555555557,52.984375
LP001327,0,1,0,0,0,2484,2302.0,137.0,360.0,1.0,1,1,4786.0,8.47345026846832,4.919980925828125,0.38055555555555554,34.934306569343065
LP001333,1,1,0,0,0,1977,997.0,50.0,360.0,1.0,1,1,2974.0,7.9976631270201,3.912023005428146,0.1388888888888889,59.48
LP001334,1,1,0,1,0,4188,0.0,115.0,180.0,1.0,1,1,4188.0,8.339978571990427,4.74493212836325,0.6388888888888888,36.417391304347824
LP001343,1,1,0,0,0,1759,3541.0,131.0,360.0,1.0,1,1,5300.0,8.575462099540212,4.875197323201151,0.3638888888888889,40.458015267175576
LP001345,1,1,2,1,0,4288,3263.0,133.0,180.0,1.0,2,1,7551.0,8.929435283803425,4.890349128221754,0.7388888888888889,56.774436090225564
LP001349,1,0,0,0,0,4843,3806.0,151.0,360.0,1.0,1,1,8649.0,9.065198986306513,5.017279836814924,0.41944444444444445,57.27814569536424
LP001350,1,1,0,0,0,13650,0.0,128.0,360.0,1.0,2,1,13650.0,9.521494800613105,4.852030263919617,0.35555555555555557,106.640625
LP001356,1,1,0,0,0,4652,3583.0,128.0,360.0,1.0,1,1,8235.0,9.016148642611741,4.852030263919617,0.35555555555555557,64.3359375
LP001357,1,1,0,0,0,3816,754.0,160.0,360.0,1.0,2,1,4570.0,8.42726848388825,5.075173815233827,0.4444444444444444,28.5625
LP001367,1,1,1,0,0,3052,1030.0,100.0,360.0,1.0,2,1,4082.0,8.31434234336979,4.605170185988092,0.2777777777777778,40.82
LP001369,1,1,2,0,0,11417,1126.0,225.0,360.0,1.0,2,1,12543.0,9.436918020024674,5.41610040220442,0.625,55.74666666666667
LP001370,1,0,0,1,0,7333,0.0,120.0,360.0,1.0,0,0,7333.0,8.9001399880938,4.787491742782046,0.3333333333333333,61.108333333333334
LP001379,1,1,2,0,0,3800,3600.0,216.0,360.0,0.0,2,0,7400.0,8.909235279192261,5.375278407684165,0.6,34.25925925925926
LP001384,1,1,3,1,0,2071,754.0,94.0,480.0,1.0,1,1,2825.0,7.946263643580541,4.543294782270004,0.19583333333333333,30.0531914893617
LP001385,1,0,0,0,0,5316,0.0,136.0,360.0,1.0,2,1,5316.0,8.578476419833136,4.912654885736052,0.37777777777777777,39.088235294117645
LP001387,0,1,0,0,0,2929,2333.0,139.0,360.0,1.0,1,1,5262.0,8.568266461600238,4.9344739331306915,0.3861111111111111,37.856115107913666
LP001391,1,1,0,1,0,3572,4114.0,152.0,360.0,0.0,0,0,7686.0,8.94715577112479,5.0238805208462765,0.4222222222222222,50.56578947368421
LP001392,0,0,1,0,1,7451,0.0,128.0,360.0,1.0,1,1,7451.0,8.916103530553727,4.852030263919617,0.35555555555555557,58.2109375
LP001398,1,0,0,0,0,5050,0.0,118.0,360.0,1.0,1,1,5050.0,8.527143522269405,4.770684624465665,0.3277777777777778,42.79661016949152
LP001401,1,1,1,0,0,14583,0.0,185.0,180.0,1.0,0,1,14583.0,9.587611745713565,5.220355825078324,1.0277777777777777,78.82702702702703
LP001404,0,1,0,0,0,3167,2283.0,154.0,360.0,1.0,1,1,5450.0,8.60337088765729,5.0369526024136295,0.42777777777777776,35.38961038961039
LP001405,1,1,1,0,0,2214,1398.0,85.0,360.0,1.0,2,1,3612.0,8.192016914536875,4.442651256490317,0.2361111111111111,42.49411764705882
LP001421,1,1,0,0,0,5568,2142.0,175.0,360.0,1.0,0,0,7710.0,8.950273466557375,5.1647859739235145,0.4861111111111111,44.05714285714286
LP001422,0,0,0,0,0,10408,0.0,259.0,360.0,1.0,2,1,10408.0,9.250330020192342,5.556828061699537,0.7194444444444444,40.18532818532819
LP001426,1,1,0,0,0,5667,2667.0,180.0,360.0,1.0,0,1,8334.0,9.0280988119824,5.19295685089021,0.5,46.3
LP001430,0,0,0,0,0,4166,0.0,44.0,360.0,1.0,1,1,4166.0,8.334711621820917,3.784189633918261,0.12222222222222222,94.68181818181819
LP001431,0,0,0,0,0,2137,8980.0,137.0,360.0,0.0,1,1,11117.0,9.316230747233615,4.919980925828125,0.38055555555555554,81.14598540145985
LP001432,1,1,2,0,0,2957,0.0,81.0,360.0,1.0,1,1,2957.0,7.9919305198524775,4.394449154672439,0.225,36.50617283950617
LP001439,1,1,0,1,0,4300,2014.0,194.0,360.0,1.0,0,1,6314.0,8.750524669117937,5.267858159063328,0.5388888888888889,32.54639175257732
LP001443,0,0,0,0,0,3692,0.0,93.0,360.0,1.0,0,1,3692.0,8.213923595622743,4.532599493153256,0.25833333333333336,39.69892473118279
LP001448,1,1,3,0,0,23803,0.0,370.0,360.0,1.0,0,1,23803.0,10.077566902136047,5.91350300563827,1.0277777777777777,64.33243243243243
LP001449,1,0,0,0,0,3865,1640.0,128.0,360.0,1.0,0,1,5505.0,8.61341204915678,4.852030263919617,0.35555555555555557,43.0078125
LP001451,1,1,1,0,1,10513,3850.0,160.0,180.0,0.0,2,0,14363.0,9.572410734431823,5.075173815233827,0.8888888888888888,89.76875
LP001465,1,1,0,0,0,6080,2569.0,182.0,360.0,1.0,0,0,8649.0,9.065198986306513,5.204006687076795,0.5055555555555555,47.52197802197802
LP001469,1,0,0,0,1,20166,0.0,650.0,480.0,1.0,2,1,20166.0,9.91175329695316,6.476972362889683,1.3541666666666667,31.024615384615384
LP001473,1,0,0,0,0,2014,1929.0,74.0,360.0,1.0,2,1,3943.0,8.279697133877628,4.30406509320417,0.20555555555555555,53.28378378378378
LP001478,1,0,0,0,0,2718,0.0,70.0,360.0,1.0,1,1,2718.0,7.907651594711089,4.248495242049359,0.19444444444444445,38.82857142857143
LP001482,1,1,0,0,1,3459,0.0,25.0,120.0,1.0,1,1,3459.0,8.148734808937169,3.2188758248682006,0.20833333333333334,138.36
LP001487,1,0,0,0,0,4895,0.0,102.0,360.0,1.0,1,1,4895.0,8.49596955496461,4.624972813284271,0.2833333333333333,47.990196078431374
LP001488,1,1,3,0,0,4000,7750.0,290.0,360.0,1.0,1,0,11750.0,9.371608519572305,5.66988092298052,0.8055555555555556,40.51724137931034
LP001489,0,1,0,0,0,4583,0.0,84.0,360.0,1.0,0,0,4583.0,8.430109084509125,4.430816798843313,0.23333333333333334,54.55952380952381
LP001491,1,1,2,0,1,3316,3500.0,88.0,360.0,1.0,2,1,6816.0,8.827028068509152,4.477336814478207,0.24444444444444444,77.45454545454545
LP001492,1,0,0,0,0,14999,0.0,242.0,360.0,0.0,1,0,14999.0,9.61573881119536,5.488937726156687,0.6722222222222223,61.97933884297521
LP001493,1,1,2,1,0,4200,1430.0,129.0,360.0,1.0,0,0,5630.0,8.635864721133736,4.859812404361672,0.35833333333333334,43.64341085271318
LP001497,1,1,2,0,0,5042,2083.0,185.0,360.0,1.0,0,0,7125.0,8.871365005136852,5.220355825078324,0.5138888888888888,38.513513513513516
LP001498,1,0,0,0,0,5417,0.0,168.0,360.0,1.0,2,1,5417.0,8.597297435657898,5.123963979403259,0.4666666666666667,32.24404761904762
LP001504,1,0,0,0,1,6950,0.0,175.0,180.0,1.0,1,1,6950.0,8.846496938558838,5.1647859739235145,0.9722222222222222,39.714285714285715
LP001507,1,1,0,0,0,2698,2034.0,122.0,360.0,1.0,1,1,4732.0,8.462103225098277,4.804021044733257,0.3388888888888889,38.78688524590164
LP001508,1,1,2,0,0,11757,0.0,187.0,180.0,1.0,2,1,11757.0,9.372204086867741,5.231108616854587,1.038888888888889,62.8716577540107
LP001514,0,1,0,0,0,2330,4486.0,100.0,360.0,1.0,1,1,6816.0,8.827028068509152,4.605170185988092,0.2777777777777778,68.16
LP001516,0,1,2,0,0,14866,0.0,70.0,360.0,1.0,2,1,14866.0,9.60683200528524,4.248495242049359,0.19444444444444445,212.37142857142857
LP001518,1,1,1,0,0,1538,1425.0,30.0,360.0,1.0,2,1,2963.0,7.993957547573565,3.4011973816621555,0.08333333333333333,98.76666666666667
LP001519,0,0,0,0,0,10000,1666.0,225.0,360.0,1.0,0,0,11666.0,9.364433907313582,5.41610040220442,0.625,51.84888888888889
LP001520,1,1,0,0,0,4860,830.0,125.0,360.0,1.0,1,1,5690.0,8.646465527120377,4.8283137373023015,0.3472222222222222,45.52
LP001528,1,0,0,0,0,6277,0.0,118.0,360.0,0.0,0,0,6277.0,8.744647438317532,4.770684624465665,0.3277777777777778,53.19491525423729
LP001529,1,1,0,0,1,2577,3750.0,152.0,360.0,1.0,0,1,6327.0,8.752581469146884,5.0238805208462765,0.4222222222222222,41.625
LP001531,1,0,0,0,0,9166,0.0,244.0,360.0,1.0,2,0,9166.0,9.123256265069069,5.497168225293202,0.6777777777777778,37.5655737704918
LP001532,1,1,2,1,0,2281,0.0,113.0,360.0,1.0,0,0,2281.0,7.732369222284388,4.727387818712341,0.3138888888888889,20.1858407079646
LP001535,1,0,0,0,0,3254,0.0,50.0,360.0,1.0,2,1,3254.0,8.087640287778983,3.912023005428146,0.1388888888888889,65.08
LP001536,1,1,3,0,0,39999,0.0,600.0,180.0,0.0,1,1,39999.0,10.596609732783568,6.396929655216146,3.3333333333333335,66.665
LP001541,1,1,1,0,0,6000,0.0,160.0,360.0,1.0,0,1,6000.0,8.699514748210191,5.075173815233827,0.4444444444444444,37.5
LP001543,1,1,1,0,0,9538,0.0,187.0,360.0,1.0,2,1,9538.0,9.16303909885817,5.231108616854587,0.5194444444444445,51.00534759358289
LP001546,1,0,0,0,0,2980,2083.0,120.0,360.0,1.0,0,1,5063.0,8.529714471969909,4.787491742782046,0.3333333333333333,42.19166666666667
LP001552,1,1,0,0,0,4583,5625.0,255.0,360.0,1.0,1,1,10208.0,9.23092700558457,5.541263545158426,0.7083333333333334,40.03137254901961
LP001560,1,1,0,1,0,1863,1041.0,98.0,360.0,1.0,1,1,2904.0,7.973844375944687,4.584967478670572,0.2722222222222222,29.632653061224488
LP001562,1,1,0,0,0,7933,0.0,275.0,360.0,1.0,2,0,7933.0,8.978786553302003,5.616771097666572,0.7638888888888888,28.847272727272728
LP001565,1,1,1,0,0,3089,1280.0,121.0,360.0,0.0,1,0,4369.0,8.382289428951436,4.795790545596741,0.33611111111111114,36.107438016528924
LP001570,1,1,2,0,0,4167,1447.0,158.0,360.0,1.0,0,1,5614.0,8.633018756921828,5.062595033026967,0.4388888888888889,35.53164556962025
LP001572,1,1,0,0,0,9323,0.0,75.0,180.0,1.0,2,1,9323.0,9.140239744296693,4.31748811353631,0.4166666666666667,124.30666666666667
LP001574,1,1,0,0,0,3707,3166.0,182.0,360.0,1.0,0,1,6873.0,8.835355971121606,5.204006687076795,0.5055555555555555,37.76373626373626
LP001577,0,1,0,0,0,4583,0.0,112.0,360.0,1.0,0,0,4583.0,8.430109084509125,4.718498871295094,0.3111111111111111,40.919642857142854
LP001578,1,1,0,0,0,2439,3333.0,129.0,360.0,1.0,0,1,5772.0,8.660773919893762,4.859812404361672,0.35833333333333334,44.74418604651163
LP001579,1,0,0,0,0,2237,0.0,63.0,480.0,0.0,1,0,2237.0,7.71289096149013,4.143134726391533,0.13125,35.507936507936506
LP001580,1,1,2,0,0,8000,0.0,200.0,360.0,1.0,1,1,8000.0,8.987196820661973,5.298317366548036,0.5555555555555556,40.0
LP001581,1,1,0,1,0,1820,1769.0,95.0,360.0,1.0,0,1,3589.0,8.185628891147607,4.553876891600541,0.2638888888888889,37.77894736842105
LP001585,1,1,3,0,0,51763,0.0,700.0,300.0,1.0,2,1,51763.0,10.854430887309706,6.551080335043404,2.3333333333333335,73.94714285714285
LP001586,1,1,3,1,0,3522,0.0,81.0,180.0,1.0,0,0,3522.0,8.166784289056151,4.394449154672439,0.45,43.48148148148148
LP001594,1,1,0,0,0,5708,5625.0,187.0,360.0,1.0,1,1,11333.0,9.335474102732949,5.231108616854587,0.5194444444444445,60.60427807486631
LP001603,1,1,0,1,1,4344,736.0,87.0,360.0,1.0,1,0,5080.0,8.533066540572527,4.465908118654584,0.24166666666666667,58.39080459770115
LP001606,1,1,0,0,0,3497,1964.0,116.0,360.0,1.0,0,1,5461.0,8.605387202152153,4.7535901911063645,0.32222222222222224,47.077586206896555
LP001608,1,1,2,0,0,2045,1619.0,101.0,360.0,1.0,0,1,3664.0,8.20631072579402,4.61512051684126,0.28055555555555556,36.277227722772274
LP001610,1,1,3,0,0,5516,11300.0,495.0,360.0,0.0,1,0,16816.0,9.730086093116732,6.20455776256869,1.375,33.971717171717174
LP001616,1,1,1,0,0,3750,0.0,116.0,360.0,1.0,1,1,3750.0,8.229511118964457,4.7535901911063645,0.32222222222222224,32.327586206896555
LP001630,1,0,0,1,0,2333,1451.0,102.0,480.0,0.0,2,0,3784.0,8.238536930171769,4.624972813284271,0.2125,37.09803921568628
LP001633,1,1,1,0,0,6400,7250.0,180.0,360.0,0.0,2,0,13650.0,9.521494800613105,5.19295685089021,0.5,75.83333333333333
LP001634,1,0,0,0,0,1916,5063.0,67.0,360.0,1.0,0,0,6979.0,8.850660919017152,4.204692619390966,0.18611111111111112,104.16417910447761
LP001636,1,1,0,0,0,4600,0.0,73.0,180.0,1.0,1,1,4600.0,8.433811582477187,4.290459441148391,0.40555555555555556,63.013698630136986
LP001637,1,1,1,0,0,33846,0.0,260.0,360.0,1.0,1,0,33846.0,10.429576102968031,5.560681631015528,0.7222222222222222,130.1769230769231
LP001639,0,1,0,0,0,3625,0.0,108.0,360.0,1.0,1,1,3625.0,8.195609567288775,4.68213122712422,0.3,33.56481481481482
LP001640,1,1,0,0,1,39147,4750.0,120.0,360.0,1.0,1,1,43897.0,10.689601259598334,4.787491742782046,0.3333333333333333,365.80833333333334
LP001641,1,1,1,0,1,2178,0.0,66.0,300.0,0.0,0,0,2178.0,7.686162303492906,4.189654742026425,0.22,33.0
LP001643,1,1,0,0,0,2383,2138.0,58.0,360.0,1.0,0,1,4521.0,8.416488487294606,4.060443010546419,0.16111111111111112,77.94827586206897
LP001644,1,1,0,0,1,674,5296.0,168.0,360.0,1.0,0,1,5970.0,8.694502206386648,5.123963979403259,0.4666666666666667,35.535714285714285
LP001647,1,1,0,0,0,9328,0.0,188.0,180.0,1.0,0,1,9328.0,9.140775908590273,5.236441962829949,1.0444444444444445,49.61702127659574
LP001653,1,0,0,1,0,4885,0.0,48.0,360.0,1.0,0,1,4885.0,8.493924564476883,3.871201010907891,0.13333333333333333,101.77083333333333
LP001656,1,0,0,0,0,12000,0.0,164.0,360.0,1.0,1,0,12000.0,9.392661928770137,5.099866427824199,0.45555555555555555,73.17073170731707
LP001657,1,1,0,1,0,6033,0.0,160.0,360.0,1.0,2,0,6033.0,8.704999678440762,5.075173815233827,0.4444444444444444,37.70625
LP001658,1,0,0,0,0,3858,0.0,76.0,360.0,1.0,1,1,3858.0,8.257904193465674,4.330733340286331,0.2111111111111111,50.76315789473684
LP001664,1,0,0,0,0,4191,0.0,120.0,360.0,1.0,0,1,4191.0,8.340694647925071,4.787491742782046,0.3333333333333333,34.925
LP001665,1,1,1,0,0,3125,2583.0,170.0,360.0,1.0,1,0,5708.0,8.649623978596727,5.135798437050262,0.4722222222222222,33.576470588235296
LP001666,1,0,0,0,0,8333,3750.0,187.0,360.0,1.0,0,1,12083.0,9.399554785027307,5.231108616854587,0.5194444444444445,64.61497326203208
LP001669,0,0,0,1,0,1907,2365.0,120.0,360.0,1.0,2,1,4272.0,8.35983738064003,4.787491742782046,0.3333333333333333,35.6
LP001671,0,1,0,0,0,3416,2816.0,113.0,360.0,1.0,1,1,6232.0,8.737452587550584,4.727387818712341,0.3138888888888889,55.150442477876105
LP001673,1,0,0,0,1,11000,0.0,83.0,360.0,1.0,2,0,11000.0,9.305650551780507,4.418840607796598,0.23055555555555557,132.53012048192772
LP001674,1,1,1,1,0,2600,2500.0,90.0,360.0,1.0,1,1,5100.0,8.536995818712418,4.499809670330265,0.25,56.666666666666664
LP001677,1,0,2,0,0,4923,0.0,166.0,360.0,0.0,1,1,4923.0,8.5016733797582,5.111987788356544,0.46111111111111114,29.656626506024097
LP001682,1,1,3,1,0,3992,0.0,128.0,180.0,1.0,2,0,3992.0,8.292047637431354,4.852030263919617,0.7111111111111111,31.1875
LP001688,1,1,1,1,0,3500,1083.0,135.0,360.0,1.0,2,1,4583.0,8.430109084509125,4.90527477843843,0.375,33.94814814814815
LP001691,1,1,2,1,0,3917,0.0,124.0,360.0,1.0,1,1,3917.0,8.27308133366583,4.820281565605037,0.34444444444444444,31.588709677419356
LP001692,0,0,0,1,0,4408,0.0,120.0,360.0,1.0,1,1,4408.0,8.391176350832751,4.787491742782046,0.3333333333333333,36.733333333333334
LP001693,0,0,0,0,0,3244,0.0,80.0,360.0,1.0,2,1,3244.0,8.084562415235304,4.382026634673881,0.2222222222222222,40.55
LP001698,1,0,0,1,0,3975,2531.0,55.0,360.0,1.0,0,1,6506.0,8.780480107033297,4.007333185232471,0.1527777777777778,118.2909090909091
LP001699,1,0,0,0,0,2479,0.0,59.0,360.0,1.0,2,1,2479.0,7.8156105320351905,4.07753744390572,0.1638888888888889,42.016949152542374
LP001702,1,0,0,0,0,3418,0.0,127.0,360.0,1.0,1,0,3418.0,8.136810863675537,4.844187086458591,0.3527777777777778,26.913385826771652
LP001708,0,0,0,0,0,10000,0.0,214.0,360.0,1.0,1,0,10000.0,9.210340371976184,5.365976015021851,0.5944444444444444,46.728971962616825
LP001711,1,1,3,0,0,3430,1250.0,128.0,360.0,0.0,1,0,4680.0,8.451053388911692,4.852030263919617,0.35555555555555557,36.5625
LP001713,1,1,1,0,1,7787,0.0,240.0,360.0,1.0,2,1,7787.0,8.960210955576986,5.480638923341991,0.6666666666666666,32.44583333333333
LP001715,1,1,3,1,1,5703,0.0,130.0,360.0,1.0,0,1,5703.0,8.648747631156539,4.867534450455582,0.3611111111111111,43.86923076923077
LP001716,1,1,0,0,0,3173,3021.0,137.0,360.0,1.0,2,1,6194.0,8.731336360533149,4.919980925828125,0.38055555555555554,45.21167883211679
LP001720,1,1,3,1,0,3850,983.0,100.0,360.0,1.0,1,1,4833.0,8.483222671845084,4.605170185988092,0.2777777777777778,48.33
LP001722,1,1,0,0,0,150,1800.0,135.0,360.0,1.0,0,0,1950.0,7.575584651557793,4.90527477843843,0.375,14.444444444444445
LP001726,1,1,0,0,0,3727,1775.0,131.0,360.0,1.0,1,1,5502.0,8.61286694148452,4.875197323201151,0.3638888888888889,42.0
LP001732,1,1,2,0,0,5000,0.0,72.0,360.0,0.0,1,0,5000.0,8.517193191416238,4.276666119016055,0.2,69.44444444444444
LP001734,0,1,2,0,0,4283,2383.0,127.0,360.0,1.0,1,1,6666.0,8.804775258867686,4.844187086458591,0.3527777777777778,52.488188976377955
LP001736,1,1,0,0,0,2221,0.0,60.0,360.0,0.0,2,0,2221.0,7.7057128238944275,4.0943445622221,0.16666666666666666,37.016666666666666
LP001743,1,1,2,0,0,4009,1717.0,116.0,360.0,1.0,1,1,5726.0,8.65277248565806,4.7535901911063645,0.32222222222222224,49.36206896551724
LP001744,1,0,0,0,0,2971,2791.0,144.0,360.0,1.0,1,1,5762.0,8.659039915644474,4.969813299576001,0.4,40.013888888888886
LP001749,1,1,0,0,0,7578,1010.0,175.0,360.0,1.0,1,1,8588.0,9.058121158998672,5.1647859739235145,0.4861111111111111,49.074285714285715
LP001750,1,1,0,0,0,6250,0.0,128.0,360.0,1.0,1,1,6250.0,8.740336742730447,4.852030263919617,0.35555555555555557,48.828125
LP001751,1,1,0,0,0,3250,0.0,170.0,360.0,1.0,0,0,3250.0,8.086410275323782,5.135798437050262,0.4722222222222222,19.11764705882353
LP001754,1,1,0,1,1,4735,0.0,138.0,360.0,1.0,2,0,4735.0,8.462737005620179,4.927253685157205,0.38333333333333336,34.31159420289855
LP001758,1,1,2,0,0,6250,1695.0,210.0,360.0,1.0,1,1,7945.0,8.980298078970817,5.3471075307174685,0.5833333333333334,37.833333333333336
LP001760,1,1,0,0,0,4758,0.0,158.0,480.0,1.0,1,1,4758.0,8.467582690862903,5.062595033026967,0.32916666666666666,30.11392405063291
LP001761,1,0,0,0,1,6400,0.0,200.0,360.0,1.0,0,1,6400.0,8.764053269347762,5.298317366548036,0.5555555555555556,32.0
LP001765,1,1,1,0,0,2491,2054.0,104.0,360.0,1.0,1,1,4545.0,8.421783006611578,4.6443908991413725,0.28888888888888886,43.70192307692308
LP001768,1,1,0,0,0,3716,0.0,42.0,180.0,1.0,0,1,3716.0,8.22040309993373,3.7376696182833684,0.23333333333333334,88.47619047619048
LP001770,1,0,0,1,0,3189,2598.0,120.0,360.0,1.0,0,1,5787.0,8.663369301573839,4.787491742782046,0.3333333333333333,48.225
LP001776,0,0,0,0,0,8333,0.0,280.0,360.0,1.0,1,1,8333.0,9.027978814382207,5.634789603169249,0.7777777777777778,29.760714285714286
LP001778,1,1,1,0,0,3155,1779.0,140.0,360.0,1.0,1,1,4934.0,8.503905297089302,4.941642422609304,0.3888888888888889,35.24285714285714
LP001784,1,1,1,0,0,5500,1260.0,170.0,360.0,1.0,0,1,6760.0,8.81877816903701,5.135798437050262,0.4722222222222222,39.76470588235294
LP001786,1,1,0,0,0,5746,0.0,255.0,360.0,1.0,2,0,5746.0,8.656259239539235,5.541263545158426,0.7083333333333334,22.533333333333335
LP001788,0,0,0,0,1,3463,0.0,122.0,360.0,1.0,2,1,3463.0,8.149890544402423,4.804021044733257,0.3388888888888889,28.385245901639344
LP001790,0,0,1,0,0,3812,0.0,112.0,360.0,1.0,0,1,3812.0,8.245909264774093,4.718498871295094,0.3111111111111111,34.035714285714285
LP001792,1,1,1,0,0,3315,0.0,96.0,360.0,1.0,1,1,3315.0,8.106212902619962,4.564348191467836,0.26666666666666666,34.53125
LP001798,1,1,2,0,0,5819,5000.0,120.0,360.0,1.0,0,1,10819.0,9.289059126687574,4.787491742782046,0.3333333333333333,90.15833333333333
LP001800,1,1,1,1,0,2510,1983.0,140.0,180.0,1.0,2,0,4493.0,8.41027590907016,4.941642422609304,0.7777777777777778,32.09285714285714
LP001806,1,0,0,0,0,2965,5701.0,155.0,60.0,1.0,2,1,8666.0,9.067162602299854,5.043425116919247,2.5833333333333335,55.909677419354836
LP001807,1,1,2,0,1,6250,1300.0,108.0,360.0,1.0,0,1,7550.0,8.92930284224307,4.68213122712422,0.3,69.9074074074074
LP001811,1,1,0,1,0,3406,4417.0,123.0,360.0,1.0,1,1,7823.0,8.96482339168508,4.812184355372417,0.3416666666666667,63.60162601626016
LP001813,1,0,0,0,1,6050,4333.0,120.0,180.0,1.0,2,0,10383.0,9.247925132303454,4.787491742782046,0.6666666666666666,86.525
LP001814,1,1,2,0,0,9703,0.0,112.0,360.0,1.0,2,1,9703.0,9.1801903950253,4.718498871295094,0.3111111111111111,86.63392857142857
LP001819,1,1,1,1,0,6608,0.0,137.0,180.0,1.0,2,1,6608.0,8.796036315200814,4.919980925828125,0.7611111111111111,48.23357664233577
LP001824,1,1,1,0,0,2882,1843.0,123.0,480.0,1.0,1,1,4725.0,8.460622839927844,4.812184355372417,0.25625,38.41463414634146
LP001825,1,1,0,0,0,1809,1868.0,90.0,360.0,1.0,2,1,3677.0,8.209852481301272,4.499809670330265,0.25,40.855555555555554
LP001835,1,1,0,1,0,1668,3890.0,201.0,360.0,0.0,1,0,5558.0,8.62299361030245,5.303304908059076,0.5583333333333333,27.65174129353234
LP001836,0,0,2,0,0,3427,0.0,138.0,360.0,1.0,2,0,3427.0,8.139440521874608,4.927253685157205,0.38333333333333336,24.833333333333332
LP001841,1,0,0,1,1,2583,2167.0,104.0,360.0,1.0,0,1,4750.0,8.465899897028686,4.6443908991413725,0.28888888888888886,45.67307692307692
LP001843,1,1,1,1,0,2661,7101.0,279.0,180.0,1.0,1,1,9762.0,9.186252576447092,5.631211781821365,1.55,34.98924731182796
LP001844,1,0,0,0,1,16250,0.0,192.0,360.0,0.0,2,0,16250.0,9.695848187757884,5.2574953720277815,0.5333333333333333,84.63541666666667
LP001846,0,0,3,0,0,3083,0.0,255.0,360.0,1.0,0,1,3083.0,8.03365842788615,5.541263545158426,0.7083333333333334,12.090196078431372
LP001849,1,0,0,1,0,6045,0.0,115.0,360.0,0.0,0,0,6045.0,8.706986763048892,4.74493212836325,0.3194444444444444,52.56521739130435
LP001854,1,1,3,0,0,5250,0.0,94.0,360.0,1.0,2,0,5250.0,8.565983355585669,4.543294782270004,0.2611111111111111,55.851063829787236
LP001859,1,1,0,0,0,14683,2100.0,304.0,360.0,1.0,0,0,16783.0,9.72812174830818,5.717027701406222,0.8444444444444444,55.20723684210526
LP001864,1,1,3,1,0,4931,0.0,128.0,360.0,1.0,1,0,4931.0,8.503297086224126,4.852030263919617,0.35555555555555557,38.5234375
LP001865,1,1,1,0,0,6083,4250.0,330.0,360.0,1.0,2,1,10333.0,9.243097936214355,5.799092654460526,0.9166666666666666,31.312121212121212
LP001868,1,0,0,0,0,2060,2209.0,134.0,360.0,1.0,1,1,4269.0,8.359134886757962,4.897839799950911,0.37222222222222223,31.85820895522388
LP001870,0,0,1,0,0,3481,0.0,155.0,36.0,1.0,1,0,3481.0,8.15507488781144,5.043425116919247,4.305555555555555,22.45806451612903
LP001871,0,0,0,0,0,7200,0.0,120.0,360.0,1.0,0,1,7200.0,8.881836305004146,4.787491742782046,0.3333333333333333,60.0
LP001872,1,0,0,0,1,5166,0.0,128.0,360.0,1.0,1,1,5166.0,8.549853973655786,4.852030263919617,0.35555555555555557,40.359375
LP001875,1,0,0,0,0,4095,3447.0,151.0,360.0,1.0,0,1,7542.0,8.928242677818302,5.017279836814924,0.41944444444444445,49.94701986754967
LP001877,1,1,2,0,0,4708,1387.0,150.0,360.0,1.0,1,1,6095.0,8.715224041915372,5.0106352940962555,0.4166666666666667,40.63333333333333
LP001882,1,1,3,0,0,4333,1811.0,160.0,360.0,0.0,2,1,6144.0,8.723231274827508,5.075173815233827,0.4444444444444444,38.4
LP001883,0,0,0,0,0,3418,0.0,135.0,360.0,1.0,0,0,3418.0,8.136810863675537,4.90527477843843,0.375,25.31851851851852
LP001884,0,0,1,0,0,2876,1560.0,90.0,360.0,1.0,2,1,4436.0,8.397508348470257,4.499809670330265,0.25,49.28888888888889
LP001888,0,0,0,0,0,3237,0.0,30.0,360.0,1.0,2,1,3237.0,8.082402253926244,3.4011973816621555,0.08333333333333333,107.9
LP001891,1,1,0,0,0,11146,0.0,136.0,360.0,1.0,2,1,11146.0,9.318835968129482,4.912654885736052,0.37777777777777777,81.95588235294117
LP001892,1,0,0,0,0,2833,1857.0,126.0,360.0,1.0,0,1,4690.0,8.453187861440325,4.836281906951478,0.35,37.22222222222222
LP001894,1,1,0,0,0,2620,2223.0,150.0,360.0,1.0,1,1,4843.0,8.48528964240323,5.0106352940962555,0.4166666666666667,32.28666666666667
LP001896,1,1,2,0,0,3900,0.0,90.0,360.0,1.0,1,1,3900.0,8.268731832117737,4.499809670330265,0.25,43.333333333333336
LP001900,1,1,1,0,0,2750,1842.0,115.0,360.0,1.0,1,1,4592.0,8.432070937999402,4.74493212836325,0.3194444444444444,39.93043478260869
LP001903,1,1,0,0,0,3993,3274.0,207.0,360.0,1.0,1,1,7267.0,8.891098830616636,5.332718793265369,0.575,35.106280193236714
LP001904,1,1,0,0,0,3103,1300.0,80.0,360.0,1.0,2,1,4403.0,8.390041405755754,4.382026634673881,0.2222222222222222,55.0375
LP001907,1,1,0,0,0,14583,0.0,436.0,360.0,1.0,1,1,14583.0,9.587611745713565,6.077642243349034,1.211111111111111,33.44724770642202
LP001908,0,1,0,1,0,4100,0.0,124.0,360.0,1.0,0,1,4100.0,8.318742252692399,4.820281565605037,0.34444444444444444,33.064516129032256
LP001910,1,0,1,1,1,4053,2426.0,158.0,360.0,0.0,2,0,6479.0,8.776321456449958,5.062595033026967,0.4388888888888889,41.00632911392405
LP001914,1,1,0,0,0,3927,800.0,112.0,360.0,1.0,1,1,4727.0,8.461046030793236,4.718498871295094,0.3111111111111111,42.205357142857146
LP001915,1,1,2,0,0,2301,985.7999878,78.0,180.0,1.0,2,1,3286.7999878,8.097669722345216,4.356708826689592,0.43333333333333335,42.13846138205128
LP001917,0,0,0,0,0,1811,1666.0,54.0,360.0,1.0,2,1,3477.0,8.153925132007862,3.9889840465642745,0.15,64.38888888888889
LP001922,1,1,0,0,0,20667,0.0,128.0,360.0,1.0,0,0,20667.0,9.936293504261306,4.852030263919617,0.35555555555555557,161.4609375
LP001924,1,0,0,0,0,3158,3053.0,89.0,360.0,1.0,0,1,6211.0,8.734077192559303,4.48863636973214,0.24722222222222223,69.78651685393258
LP001925,0,0,0,0,1,2600,1717.0,99.0,300.0,1.0,1,0,4317.0,8.370315995555478,4.59511985013459,0.33,43.60606060606061
LP001926,1,1,0,0,0,3704,2000.0,120.0,360.0,1.0,0,1,5704.0,8.648922962094131,4.787491742782046,0.3333333333333333,47.53333333333333
LP001931,0,0,0,0,0,4124,0.0,115.0,360.0,1.0,1,1,4124.0,8.32457884513685,4.74493212836325,0.3194444444444444,35.86086956521739
LP001935,1,0,0,0,0,9508,0.0,187.0,360.0,1.0,0,1,9508.0,9.159888828480085,5.231108616854587,0.5194444444444445,50.844919786096256
LP001936,1,1,0,0,0,3075,2416.0,139.0,360.0,1.0,0,1,5491.0,8.610865667278873,4.9344739331306915,0.3861111111111111,39.50359712230216
LP001938,1,1,2,0,0,4400,0.0,127.0,360.0,0.0,1,0,4400.0,8.389359819906353,4.844187086458591,0.3527777777777778,34.645669291338585
LP001940,1,1,2,0,0,3153,1560.0,134.0,360.0,1.0,2,1,4713.0,8.45807992692373,4.897839799950911,0.37222222222222223,35.17164179104478
LP001945,0,0,0,0,0,5417,0.0,143.0,480.0,0.0,2,0,5417.0,8.597297435657898,4.962844630259907,0.29791666666666666,37.88111888111888
LP001947,1,1,0,0,0,2383,3334.0,172.0,360.0,1.0,1,1,5717.0,8.651199471263972,5.147494476813453,0.4777777777777778,33.23837209302326
LP001949,1,1,3,0,0,4416,1250.0,110.0,360.0,1.0,2,1,5666.0,8.642238680390461,4.700480365792417,0.3055555555555556,51.50909090909091
LP001953,1,1,1,0,0,6875,0.0,200.0,360.0,1.0,1,1,6875.0,8.835646922534773,5.298317366548036,0.5555555555555556,34.375
LP001954,0,1,1,0,0,4666,0.0,135.0,360.0,1.0,2,1,4666.0,8.448057452581375,4.90527477843843,0.375,34.56296296296296
LP001955,0,0,0,0,0,5000,2541.0,151.0,480.0,1.0,0,0,7541.0,8.928110078202646,5.017279836814924,0.3145833333333333,49.94039735099338
LP001963,1,1,1,0,0,2014,2925.0,113.0,360.0,1.0,2,0,4939.0,8.504918160540624,4.727387818712341,0.3138888888888889,43.70796460176991
LP001964,1,1,0,1,0,1800,2934.0,93.0,360.0,0.0,2,0,4734.0,8.46252579007393,4.532599493153256,0.25833333333333336,50.903225806451616
LP001972,1,1,0,1,0,2875,1750.0,105.0,360.0,1.0,1,1,4625.0,8.439231649946526,4.653960350157523,0.2916666666666667,44.04761904761905
LP001974,0,0,0,0,0,5000,0.0,132.0,360.0,1.0,0,1,5000.0,8.517193191416238,4.882801922586371,0.36666666666666664,37.878787878787875
LP001977,1,1,1,0,0,1625,1803.0,96.0,360.0,1.0,2,1,3428.0,8.13973227971767,4.564348191467836,0.26666666666666666,35.708333333333336
LP001978,1,0,0,0,0,4000,2500.0,140.0,360.0,1.0,0,1,6500.0,8.779557455883728,4.941642422609304,0.3888888888888889,46.42857142857143
LP001990,1,0,0,1,0,2000,0.0,128.0,360.0,1.0,2,0,2000.0,7.600902459542082,4.852030263919617,0.35555555555555557,15.625
LP001993,0,0,0,0,0,3762,1666.0,135.0,360.0,1.0,0,1,5428.0,8.59932602095476,4.90527477843843,0.375,40.20740740740741
LP001994,0,0,0,0,0,2400,1863.0,104.0,360.0,0.0,2,0,4263.0,8.35772841676521,4.6443908991413725,0.28888888888888886,40.99038461538461
LP001996,1,0,0,0,0,20233,0.0,480.0,360.0,1.0,0,0,20233.0,9.915070213779195,6.173786103901937,1.3333333333333333,42.15208333333333
LP001998,1,1,2,1,0,7667,0.0,185.0,360.0,1.0,0,1,7667.0,8.944680683558895,5.220355825078324,0.5138888888888888,41.443243243243245
LP002002,0,0,0,0,0,2917,0.0,84.0,360.0,1.0,1,1,2917.0,7.978310969867722,4.430816798843313,0.23333333333333334,34.726190476190474
LP002004,1,0,0,1,0,2927,2405.0,111.0,360.0,1.0,1,1,5332.0,8.5814816812986,4.709530201312334,0.30833333333333335,48.03603603603604
LP002006,0,0,0,0,0,2507,0.0,56.0,360.0,1.0,0,1,2507.0,7.826842098158293,4.02535169073515,0.15555555555555556,44.767857142857146
LP002008,1,1,2,0,1,5746,0.0,144.0,84.0,1.0,0,1,5746.0,8.656259239539235,4.969813299576001,1.7142857142857142,39.90277777777778
LP002024,1,1,0,0,0,2473,1843.0,159.0,360.0,1.0,0,0,4316.0,8.370084326378025,5.0689042022202315,0.44166666666666665,27.144654088050313
LP002031,1,1,1,1,0,3399,1640.0,111.0,180.0,1.0,2,1,5039.0,8.524962928680598,4.709530201312334,0.6166666666666667,45.3963963963964
LP002035,1,1,2,0,0,3717,0.0,120.0,360.0,1.0,1,1,3717.0,8.220672170297252,4.787491742782046,0.3333333333333333,30.975
LP002036,1,1,0,0,0,2058,2134.0,88.0,360.0,1.0,2,1,4192.0,8.340933226000878,4.477336814478207,0.24444444444444444,47.63636363636363
LP002043,0,0,1,0,0,3541,0.0,112.0,360.0,1.0,1,1,3541.0,8.172164452111904,4.718498871295094,0.3111111111111111,31.616071428571427
LP002050,1,1,1,0,1,10000,0.0,155.0,360.0,1.0,0,0,10000.0,9.210340371976184,5.043425116919247,0.4305555555555556,64.51612903225806
LP002051,1,1,0,0,0,2400,2167.0,115.0,360.0,1.0,1,1,4567.0,8.426611813185,4.74493212836325,0.3194444444444444,39.71304347826087
LP002053,1,1,3,0,0,4342,189.0,124.0,360.0,1.0,1,1,4531.0,8.418697944667139,4.820281565605037,0.34444444444444444,36.54032258064516
LP002054,1,1,2,1,0,3601,1590.0,128.0,360.0,1.0,0,1,5191.0,8.55468163582723,4.852030263919617,0.35555555555555557,40.5546875
LP002055,0,0,0,0,0,3166,2985.0,132.0,360.0,1.0,0,1,6151.0,8.724369949208368,4.882801922586371,0.36666666666666664,46.59848484848485
LP002065,1,1,3,0,0,15000,0.0,300.0,360.0,1.0,0,1,15000.0,9.615805480084347,5.703782474656201,0.8333333333333334,50.0
LP002067,1,1,1,0,1,8666,4983.0,376.0,360.0,0.0,0,0,13649.0,9.521421537856195,5.929589143389895,1.0444444444444445,36.30053191489362
LP002068,1,0,0,0,0,4917,0.0,130.0,360.0,0.0,0,1,4917.0,8.50045386741194,4.867534450455582,0.3611111111111111,37.823076923076925
LP002082,1,1,0,0,1,5818,2160.0,184.0,360.0,1.0,1,1,7978.0,8.984443032465352,5.214935757608986,0.5111111111111111,43.358695652173914
LP002086,0,1,0,0,0,4333,2451.0,110.0,360.0,1.0,2,0,6784.0,8.822322177471738,4.700480365792417,0.3055555555555556,61.67272727272727
LP002087,0,0,0,0,0,2500,0.0,67.0,360.0,1.0,2,1,2500.0,7.824046010856292,4.204692619390966,0.18611111111111112,37.3134328358209
LP002097,1,0,1,0,0,4384,1793.0,117.0,360.0,1.0,2,1,6177.0,8.728587995695898,4.762173934797756,0.325,52.794871794871796
LP002098,1,0,0,0,0,2935,0.0,98.0,360.0,1.0,1,1,2935.0,7.984462732262196,4.584967478670572,0.2722222222222222,29.948979591836736
LP002100,1,0,0,0,0,2833,0.0,71.0,360.0,1.0,2,1,2833.0,7.949091499830517,4.2626798770413155,0.19722222222222222,39.901408450704224
LP002101,1,1,0,0,0,63337,0.0,490.0,180.0,1.0,2,1,63337.0,11.05622495553552,6.194405391104672,2.7222222222222223,129.25918367346938
LP002103,1,1,1,0,1,9833,1833.0,182.0,180.0,1.0,2,1,11666.0,9.364433907313582,5.204006687076795,1.011111111111111,64.0989010989011
LP002106,1,1,0,0,1,5503,4490.0,70.0,360.0,1.0,1,1,9993.0,9.209640126861789,4.248495242049359,0.19444444444444445,142.75714285714287
LP002110,1,1,1,0,0,5250,688.0,160.0,360.0,1.0,0,1,5938.0,8.689127655323706,5.075173815233827,0.4444444444444444,37.1125
LP002112,1,1,2,0,1,2500,4600.0,176.0,360.0,1.0,0,1,7100.0,8.867850063029406,5.170483995038151,0.4888888888888889,40.34090909090909
LP002113,0,0,3,1,0,1830,0.0,128.0,360.0,0.0,2,0,1830.0,7.512071245835466,4.852030263919617,0.35555555555555557,14.296875
LP002114,0,0,0,0,0,4160,0.0,71.0,360.0,1.0,1,1,4160.0,8.333270353255308,4.2626798770413155,0.19722222222222222,58.59154929577465
LP002115,1,1,3,1,0,2647,1587.0,173.0,360.0,1.0,0,0,4234.0,8.350902451694811,5.153291594497779,0.48055555555555557,24.473988439306357
LP002116,0,0,0,0,0,2378,0.0,46.0,360.0,1.0,0,0,2378.0,7.774015077250727,3.828641396489095,0.12777777777777777,51.69565217391305
LP002119,1,1,1,1,0,4554,1229.0,158.0,360.0,1.0,2,1,5783.0,8.662677858158219,5.062595033026967,0.4388888888888889,36.60126582278481
LP002126,1,1,3,1,0,3173,0.0,74.0,360.0,1.0,1,1,3173.0,8.062432791583195,4.30406509320417,0.20555555555555555,42.87837837837838
LP002128,1,1,2,0,0,2583,2330.0,125.0,360.0,1.0,0,1,4913.0,8.499640032168648,4.8283137373023015,0.3472222222222222,39.304
LP002129,1,1,0,0,0,2499,2458.0,160.0,360.0,1.0,1,1,4957.0,8.508555998020574,5.075173815233827,0.4444444444444444,30.98125
LP002130,1,1,0,1,0,3523,3230.0,152.0,360.0,0.0,0,0,6753.0,8.817742129574842,5.0238805208462765,0.4222222222222222,44.42763157894737
LP002131,1,1,2,1,0,3083,2168.0,126.0,360.0,1.0,2,1,5251.0,8.566173813637858,4.836281906951478,0.35,41.67460317460318
LP002137,1,1,0,0,0,6333,4583.0,259.0,360.0,1.0,1,1,10916.0,9.29798488182823,5.556828061699537,0.7194444444444444,42.14671814671814
LP002138,1,1,0,0,0,2625,6250.0,187.0,360.0,1.0,0,1,8875.0,9.090993614343617,5.231108616854587,0.5194444444444445,47.45989304812834
LP002139,1,1,0,0,0,9083,0.0,228.0,360.0,1.0,1,1,9083.0,9.114159813502214,5.429345628954441,0.6333333333333333,39.83771929824562
LP002140,1,0,0,0,0,8750,4167.0,308.0,360.0,1.0,0,0,12917.0,9.466299552232016,5.730099782973574,0.8555555555555555,41.938311688311686
LP002141,1,1,3,0,0,2666,2083.0,95.0,360.0,1.0,0,1,4749.0,8.465689348549121,4.553876891600541,0.2638888888888889,49.98947368421052
LP002142,0,1,0,0,1,5500,0.0,105.0,360.0,0.0,0,0,5500.0,8.612503371220562,4.653960350157523,0.2916666666666667,52.38095238095238
LP002143,0,1,0,0,0,2423,505.0,130.0,360.0,1.0,1,1,2928.0,7.982074875081202,4.867534450455582,0.3611111111111111,22.523076923076925
LP002144,0,0,0,0,0,3813,0.0,116.0,180.0,1.0,2,1,3813.0,8.246171559857563,4.7535901911063645,0.6444444444444445,32.87068965517241
LP002149,1,1,2,0,0,8333,3167.0,165.0,360.0,1.0,0,1,11500.0,9.350102314351341,5.10594547390058,0.4583333333333333,69.6969696969697
LP002151,1,1,1,0,0,3875,0.0,67.0,360.0,1.0,2,0,3875.0,8.262300941787448,4.204692619390966,0.18611111111111112,57.83582089552239
LP002158,1,1,0,1,0,3000,1666.0,100.0,480.0,0.0,2,0,4666.0,8.448057452581375,4.605170185988092,0.20833333333333334,46.66
LP002160,1,1,3,0,0,5167,3167.0,200.0,360.0,1.0,1,1,8334.0,9.0280988119824,5.298317366548036,0.5555555555555556,41.67
LP002161,0,0,1,0,0,4723,0.0,81.0,360.0,1.0,1,0,4723.0,8.460199469896118,4.394449154672439,0.225,58.30864197530864
LP002170,1,1,2,0,0,5000,3667.0,236.0,360.0,1.0,1,1,8667.0,9.067277989134345,5.4638318050256105,0.6555555555555556,36.72457627118644
LP002175,1,1,0,0,0,4750,2333.0,130.0,360.0,1.0,2,1,7083.0,8.865452825753623,4.867534450455582,0.3611111111111111,54.48461538461538
LP002178,1,1,0,0,0,3013,3033.0,95.0,300.0,1.0,2,1,6046.0,8.707152175339404,4.553876891600541,0.31666666666666665,63.642105263157895
LP002180,1,0,0,0,1,6822,0.0,141.0,360.0,1.0,0,1,6822.0,8.82790796297859,4.948759890378168,0.39166666666666666,48.38297872340426
LP002181,1,0,0,1,0,6216,0.0,133.0,360.0,1.0,0,0,6216.0,8.734881892047483,4.890349128221754,0.36944444444444446,46.73684210526316
LP002187,1,0,0,0,0,2500,0.0,96.0,480.0,1.0,1,0,2500.0,7.824046010856292,4.564348191467836,0.2,26.041666666666668
LP002188,1,0,0,0,0,5124,0.0,124.0,360.0,0.0,0,0,5124.0,8.541690663016626,4.820281565605037,0.34444444444444444,41.32258064516129
LP002190,1,1,1,0,0,6325,0.0,175.0,360.0,1.0,1,1,6325.0,8.752265313595721,5.1647859739235145,0.4861111111111111,36.142857142857146
LP002191,1,1,0,0,0,19730,5266.0,570.0,360.0,1.0,0,0,24996.0,10.126471091048971,6.345636360828596,1.5833333333333333,43.85263157894737
LP002194,0,0,0,0,1,15759,0.0,55.0,360.0,1.0,1,1,15759.0,9.665166909622071,4.007333185232471,0.1527777777777778,286.5272727272727
LP002197,1,1,2,0,0,5185,0.0,155.0,360.0,1.0,1,1,5185.0,8.553525120663627,5.043425116919247,0.4305555555555556,33.45161290322581
LP002201,1,1,2,0,1,9323,7873.0,380.0,300.0,1.0,0,1,17196.0,9.752432077616172,5.940171252720432,1.2666666666666666,45.252631578947366
LP002205,1,0,1,0,0,3062,1987.0,111.0,180.0,0.0,2,0,5049.0,8.526945482858915,4.709530201312334,0.6166666666666667,45.486486486486484
LP002209,0,0,0,0,0,2764,1459.0,110.0,360.0,1.0,2,1,4223.0,8.348301054933943,4.700480365792417,0.3055555555555556,38.39090909090909
LP002211,1,1,0,0,0,4817,923.0,120.0,180.0,1.0,2,1,5740.0,8.655214489313613,4.787491742782046,0.6666666666666666,47.833333333333336
LP002219,1,1,3,0,0,8750,4996.0,130.0,360.0,1.0,0,1,13746.0,9.52850315168155,4.867534450455582,0.3611111111111111,105.73846153846154
LP002223,1,1,0,0,0,4310,0.0,130.0,360.0,1.0,1,1,4310.0,8.368693183097793,4.867534450455582,0.3611111111111111,33.15384615384615
LP002224,1,0,0,0,0,3069,0.0,71.0,480.0,1.0,2,0,3069.0,8.029107054619736,4.2626798770413155,0.14791666666666667,43.225352112676056
LP002225,1,1,2,0,0,5391,0.0,130.0,360.0,1.0,2,1,5391.0,8.592486175451668,4.867534450455582,0.3611111111111111,41.46923076923077
LP002226,1,1,0,0,0,3333,2500.0,128.0,360.0,1.0,1,1,5833.0,8.671286726753637,4.852030263919617,0.35555555555555557,45.5703125
LP002229,1,0,0,0,0,5941,4232.0,296.0,360.0,1.0,1,1,10173.0,9.227492430793749,5.69035945432406,0.8222222222222222,34.36824324324324
LP002231,0,0,0,0,0,6000,0.0,156.0,360.0,1.0,2,1,6000.0,8.699514748210191,5.049856007249537,0.43333333333333335,38.46153846153846
LP002234,1,0,0,0,1,7167,0.0,128.0,360.0,1.0,2,1,7167.0,8.877242435993919,4.852030263919617,0.35555555555555557,55.9921875
LP002236,1,1,2,0,0,4566,0.0,100.0,360.0,1.0,2,0,4566.0,8.42639282708974,4.605170185988092,0.2777777777777778,45.66
LP002237,1,0,1,0,0,3667,0.0,113.0,180.0,1.0,2,1,3667.0,8.207129168071326,4.727387818712341,0.6277777777777778,32.45132743362832
LP002239,1,0,0,1,0,2346,1600.0,132.0,360.0,1.0,1,1,3946.0,8.28045768658256,4.882801922586371,0.36666666666666664,29.893939393939394
LP002243,1,1,0,1,0,3010,3136.0,128.0,360.0,0.0,2,0,6146.0,8.72355674269043,4.852030263919617,0.35555555555555557,48.015625
LP002244,1,1,0,0,0,2333,2417.0,136.0,360.0,1.0,2,1,4750.0,8.465899897028686,4.912654885736052,0.37777777777777777,34.9264705882353
LP002250,1,1,0,0,0,5488,0.0,125.0,360.0,1.0,0,1,5488.0,8.610319169405722,4.8283137373023015,0.3472222222222222,43.904
LP002255,1,0,3,0,0,9167,0.0,185.0,360.0,1.0,0,1,9167.0,9.123365357961776,5.220355825078324,0.5138888888888888,49.55135135135135
LP002262,1,1,3,0,0,9504,0.0,275.0,360.0,1.0,0,1,9504.0,9.159468041602427,5.616771097666572,0.7638888888888888,34.56
LP002263,1,1,0,0,0,2583,2115.0,120.0,360.0,1.0,2,1,4698.0,8.454892165218858,4.787491742782046,0.3333333333333333,39.15
LP002265,1,1,2,1,0,1993,1625.0,113.0,180.0,1.0,1,1,3618.0,8.193676665955241,4.727387818712341,0.6277777777777778,32.017699115044245
LP002266,1,1,2,0,0,3100,1400.0,113.0,360.0,1.0,2,1,4500.0,8.411832675758411,4.727387818712341,0.3138888888888889,39.823008849557525
LP002272,1,1,2,0,0,3276,484.0,135.0,360.0,1.0,1,1,3760.0,8.23217423638394,4.90527477843843,0.375,27.85185185185185
LP002277,0,0,0,0,0,3180,0.0,71.0,360.0,0.0,2,0,3180.0,8.064636475774222,4.2626798770413155,0.19722222222222222,44.7887323943662
LP002281,1,1,0,0,0,3033,1459.0,95.0,360.0,1.0,2,1,4492.0,8.410053315858335,4.553876891600541,0.2638888888888889,47.28421052631579
LP002284,1,0,0,1,0,3902,1666.0,109.0,360.0,1.0,0,1,5568.0,8.624791202014256,4.6913478822291435,0.30277777777777776,51.08256880733945
LP002287,0,0,0,0,0,1500,1800.0,103.0,360.0,0.0,1,0,3300.0,8.101677747454572,4.634728988229636,0.2861111111111111,32.03883495145631
LP002288,1,1,2,1,0,2889,0.0,45.0,180.0,0.0,2,0,2889.0,7.968665700466235,3.8066624897703196,0.25,64.2
LP002296,1,0,0,1,0,2755,0.0,65.0,300.0,1.0,0,0,2755.0,7.9211727215870145,4.174387269895637,0.21666666666666667,42.38461538461539
LP002297,1,0,0,0,0,2500,20000.0,103.0,360.0,1.0,1,1,22500.0,10.021270588192511,4.634728988229636,0.2861111111111111,218.44660194174756
LP002300,0,0,0,1,0,1963,0.0,53.0,360.0,1.0,1,1,1963.0,7.5822291942764615,3.970291913552122,0.14722222222222223,37.0377358490566
LP002301,0,0,0,0,1,7441,0.0,194.0,360.0,1.0,0,0,7441.0,8.914760527397261,5.267858159063328,0.5388888888888889,38.355670103092784
LP002305,0,0,0,0,0,4547,0.0,115.0,360.0,1.0,1,1,4547.0,8.42222295382501,4.74493212836325,0.3194444444444444,39.53913043478261
LP002308,1,1,0,1,0,2167,2400.0,115.0,360.0,1.0,2,1,4567.0,8.426611813185,4.74493212836325,0.3194444444444444,39.71304347826087
LP002314,0,0,0,1,0,2213,0.0,66.0,360.0,1.0,0,1,2213.0,7.70210434005105,4.189654742026425,0.18333333333333332,33.53030303030303
LP002315,1,1,1,0,0,8300,0.0,152.0,300.0,0.0,1,0,8300.0,9.02401079378469,5.0238805208462765,0.5066666666666667,54.60526315789474
LP002317,1,1,3,0,0,81000,0.0,360.0,360.0,0.0,0,0,81000.0,11.302204433654575,5.886104031450156,1.0,225.0
LP002318,0,0,1,1,1,3867,0.0,62.0,360.0,1.0,1,0,3867.0,8.260234291607297,4.127134385045092,0.17222222222222222,62.37096774193548
LP002319,1,1,0,0,0,6256,0.0,160.0,360.0,1.0,2,1,6256.0,8.741296282225147,5.075173815233827,0.4444444444444444,39.1
LP002328,1,1,0,1,0,6096,0.0,218.0,360.0,0.0,0,0,6096.0,8.715388097366482,5.384495062789089,0.6055555555555555,27.96330275229358
LP002332,1,1,0,1,0,2253,2033.0,110.0,360.0,1.0,0,1,4286.0,8.363109176033522,4.700480365792417,0.3055555555555556,38.96363636363636
LP002335,0,1,0,1,0,2149,3237.0,178.0,360.0,0.0,1,0,5386.0,8.591558273371545,5.181783550292085,0.49444444444444446,30.258426966292134
LP002337,0,0,0,0,0,2995,0.0,60.0,360.0,1.0,2,1,2995.0,8.00469951054955,4.0943445622221,0.16666666666666666,49.916666666666664
LP002341,0,0,1,0,0,2600,0.0,160.0,360.0,1.0,2,0,2600.0,7.8632667240095735,5.075173815233827,0.4444444444444444,16.25
LP002342,1,1,2,0,1,1600,20000.0,239.0,360.0,1.0,2,0,21600.0,9.980448593672257,5.476463551931511,0.6638888888888889,90.3765690376569
LP002345,1,1,0,0,0,1025,2773.0,112.0,360.0,1.0,0,1,3798.0,8.242229891372231,4.718498871295094,0.3111111111111111,33.910714285714285
LP002347,1,1,0,0,0,3246,1417.0,138.0,360.0,1.0,1,1,4663.0,8.44741429680832,4.927253685157205,0.38333333333333336,33.789855072463766
LP002348,1,1,0,0,0,5829,0.0,138.0,360.0,1.0,0,1,5829.0,8.67060073804555,4.927253685157205,0.38333333333333336,42.23913043478261
LP002357,0,0,0,1,0,2720,0.0,80.0,360.0,0.0,2,0,2720.0,7.908387159290043,4.382026634673881,0.2222222222222222,34.0
LP002361,1,1,0,0,0,1820,1719.0,100.0,360.0,1.0,2,1,3539.0,8.171599480345463,4.605170185988092,0.2777777777777778,35.39
LP002362,1,1,1,0,0,7250,1667.0,110.0,360.0,0.0,2,0,8917.0,9.095714846134879,4.700480365792417,0.3055555555555556,81.06363636363636
LP002364,1,1,0,0,0,14880,0.0,96.0,360.0,1.0,1,1,14880.0,9.607773308387083,4.564348191467836,0.26666666666666666,155.0
LP002366,1,1,0,0,0,2666,4300.0,121.0,360.0,1.0,0,1,6966.0,8.848796450925947,4.795790545596741,0.33611111111111114,57.570247933884296
LP002367,0,0,1,1,0,4606,0.0,81.0,360.0,1.0,0,0,4606.0,8.43511508038063,4.394449154672439,0.225,56.864197530864196
LP002368,1,1,2,0,0,5935,0.0,133.0,360.0,1.0,1,1,5935.0,8.688622307043769,4.890349128221754,0.36944444444444446,44.62406015037594
LP002369,1,1,0,0,0,2920,16.12000084,87.0,360.0,1.0,0,1,2936.12000084,7.984844261119869,4.465908118654584,0.24166666666666667,33.74850575678161
LP002370,1,0,0,1,0,2717,0.0,60.0,180.0,1.0,2,1,2717.0,7.907283609426348,4.0943445622221,0.3333333333333333,45.28333333333333
LP002377,0,0,1,0,1,8624,0.0,150.0,360.0,1.0,1,1,8624.0,9.06230429314878,5.0106352940962555,0.4166666666666667,57.49333333333333
LP002379,1,0,0,0,0,6500,0.0,105.0,360.0,0.0,0,0,6500.0,8.779557455883728,4.653960350157523,0.2916666666666667,61.904761904761905
LP002386,1,0,0,0,0,12876,0.0,405.0,360.0,1.0,1,1,12876.0,9.463120392418698,6.003887067106539,1.125,31.79259259259259
LP002387,1,1,0,0,0,2425,2340.0,143.0,360.0,1.0,1,1,4765.0,8.469052816088302,4.962844630259907,0.3972222222222222,33.32167832167832
LP002390,1,0,0,0,0,3750,0.0,100.0,360.0,1.0,2,1,3750.0,8.229511118964457,4.605170185988092,0.2777777777777778,37.5
LP002393,0,1,0,0,0,10047,0.0,128.0,240.0,1.0,1,1,10047.0,9.215029361462314,4.852030263919617,0.5333333333333333,78.4921875
LP002398,1,0,0,0,0,1926,1851.0,50.0,360.0,1.0,1,1,3777.0,8.236685322712457,3.912023005428146,0.1388888888888889,75.54
LP002401,1,1,0,0,0,2213,1125.0,128.0,360.0,1.0,2,1,3338.0,8.11312710422178,4.852030263919617,0.35555555555555557,26.078125
LP002403,1,0,0,0,1,10416,0.0,187.0,360.0,0.0,2,0,10416.0,9.251098364448351,5.231108616854587,0.5194444444444445,55.70053475935829
LP002407,0,1,0,1,1,7142,0.0,138.0,360.0,1.0,0,1,7142.0,8.873748128154395,4.927253685157205,0.38333333333333336,51.7536231884058
LP002408,1,0,0,0,0,3660,5064.0,187.0,360.0,1.0,1,1,8724.0,9.07383312732152,5.231108616854587,0.5194444444444445,46.6524064171123
LP002409,1,1,0,0,0,7901,1833.0,180.0,360.0,1.0,0,1,9734.0,9.1833801903934,5.19295685089021,0.5,54.077777777777776
LP002418,1,0,3,1,0,4707,1993.0,148.0,360.0,1.0,1,1,6700.0,8.809862805379057,4.997212273764115,0.4111111111111111,45.270270270270274
LP002422,1,0,1,0,0,37719,0.0,152.0,360.0,1.0,1,1,37719.0,10.537919225261291,5.0238805208462765,0.4222222222222222,248.15131578947367
LP002424,1,1,0,0,0,7333,8333.0,175.0,300.0,1.0,0,1,15666.0,9.659248037927183,5.1647859739235145,0.5833333333333334,89.52
LP002429,1,1,1,0,1,3466,1210.0,130.0,360.0,1.0,0,1,4676.0,8.450198322591959,4.867534450455582,0.3611111111111111,35.96923076923077
LP002434,1,1,2,1,0,4652,0.0,110.0,360.0,1.0,0,1,4652.0,8.445052513638554,4.700480365792417,0.3055555555555556,42.29090909090909
LP002435,1,1,0,0,0,3539,1376.0,55.0,360.0,1.0,0,0,4915.0,8.500047032581268,4.007333185232471,0.1527777777777778,89.36363636363636
LP002443,1,1,2,0,0,3340,1710.0,150.0,360.0,0.0,0,0,5050.0,8.527143522269405,5.0106352940962555,0.4166666666666667,33.666666666666664
LP002444,1,0,1,1,1,2769,1542.0,190.0,360.0,1.0,1,0,4311.0,8.368925174747135,5.247024072160486,0.5277777777777778,22.689473684210526
LP002446,1,1,2,1,0,2309,1255.0,125.0,360.0,0.0,0,0,3564.0,8.1786387885907,4.8283137373023015,0.3472222222222222,28.512
LP002447,1,1,2,1,0,1958,1456.0,60.0,300.0,1.0,2,1,3414.0,8.135639903354386,4.0943445622221,0.2,56.9
LP002448,1,1,0,0,0,3948,1733.0,149.0,360.0,0.0,0,0,5681.0,8.644882552557126,5.003946305945459,0.41388888888888886,38.12751677852349
LP002449,1,1,0,0,0,2483,2466.0,90.0,180.0,0.0,0,1,4949.0,8.506940814951886,4.499809670330265,0.5,54.98888888888889
LP002453,1,0,0,0,1,7085,0.0,84.0,360.0,1.0,1,1,7085.0,8.865735152124781,4.430816798843313,0.23333333333333334,84.3452380952381
LP002455,1,1,2,0,0,3859,0.0,96.0,360.0,1.0,1,1,3859.0,8.258163361537619,4.564348191467836,0.26666666666666666,40.197916666666664
LP002459,1,1,0,0,0,4301,0.0,118.0,360.0,1.0,2,1,4301.0,8.366602832783736,4.770684624465665,0.3277777777777778,36.44915254237288
LP002467,1,1,0,0,0,3708,2569.0,173.0,360.0,1.0,2,0,6277.0,8.744647438317532,5.153291594497779,0.48055555555555557,36.283236994219656
LP002472,1,0,2,0,0,4354,0.0,136.0,360.0,1.0,0,1,4354.0,8.378850241794492,4.912654885736052,0.37777777777777777,32.01470588235294
LP002473,1,1,0,0,0,8334,0.0,160.0,360.0,1.0,1,0,8334.0,9.0280988119824,5.075173815233827,0.4444444444444444,52.0875
LP002478,1,1,0,0,1,2083,4083.0,160.0,360.0,1.0,1,1,6166.0,8.726805608446096,5.075173815233827,0.4444444444444444,38.5375
LP002484,1,1,3,0,0,7740,0.0,128.0,180.0,1.0,2,1,7740.0,8.954156966583772,4.852030263919617,0.7111111111111111,60.46875
LP002487,1,1,0,0,0,3015,2188.0,153.0,360.0,1.0,0,1,5203.0,8.556990661290303,5.030437921392435,0.425,34.00653594771242
LP002489,0,0,1,1,0,5191,0.0,132.0,360.0,1.0,1,1,5191.0,8.55468163582723,4.882801922586371,0.36666666666666664,39.32575757575758
LP002493,1,0,0,0,0,4166,0.0,98.0,360.0,0.0,1,0,4166.0,8.334711621820917,4.584967478670572,0.2722222222222222,42.51020408163265
LP002494,1,0,0,0,0,6000,0.0,140.0,360.0,1.0,0,1,6000.0,8.699514748210191,4.941642422609304,0.3888888888888889,42.857142857142854
LP002500,1,1,3,1,0,2947,1664.0,70.0,180.0,0.0,2,0,4611.0,8.436200032206706,4.248495242049359,0.3888888888888889,65.87142857142857
LP002501,1,1,0,0,0,16692,0.0,110.0,360.0,1.0,1,1,16692.0,9.722684841711443,4.700480365792417,0.3055555555555556,151.74545454545455
LP002502,0,1,2,1,0,210,2917.0,98.0,360.0,1.0,1,1,3127.0,8.047829357457841,4.584967478670572,0.2722222222222222,31.908163265306122
LP002505,1,1,0,0,0,4333,2451.0,110.0,360.0,1.0,2,0,6784.0,8.822322177471738,4.700480365792417,0.3055555555555556,61.67272727272727
LP002515,1,1,1,0,1,3450,2079.0,162.0,360.0,1.0,1,1,5529.0,8.617762246337932,5.087596335232384,0.45,34.129629629629626
LP002517,1,1,1,1,0,2653,1500.0,113.0,180.0,0.0,0,0,4153.0,8.331586243630754,4.727387818712341,0.6277777777777778,36.75221238938053
LP002519,1,1,3,0,0,4691,0.0,100.0,360.0,1.0,1,1,4691.0,8.453401058328458,4.605170185988092,0.2777777777777778,46.91
LP002522,0,0,0,0,1,2500,0.0,93.0,360.0,1.0,2,1,2500.0,7.824046010856292,4.532599493153256,0.25833333333333336,26.881720430107528
LP002524,1,0,2,0,0,5532,4648.0,162.0,360.0,1.0,0,1,10180.0,9.228180290104513,5.087596335232384,0.45,62.839506172839506
LP002527,1,1,2,0,1,16525,1014.0,150.0,360.0,1.0,0,1,17539.0,9.772182251758139,5.0106352940962555,0.4166666666666667,116.92666666666666
LP002529,1,1,2,0,0,6700,1750.0,230.0,300.0,1.0,1,1,8450.0,9.041921720351219,5.438079308923196,0.7666666666666667,36.73913043478261
LP002530,1,1,2,0,0,2873,1872.0,132.0,360.0,0.0,1,0,4745.0,8.464846711044029,4.882801922586371,0.36666666666666664,35.946969696969695
LP002531,1,1,1,0,1,16667,2250.0,86.0,360.0,1.0,1,1,18917.0,9.847816267665664,4.454347296253507,0.2388888888888889,219.96511627906978
LP002533,1,1,2,0,0,2947,1603.0,128.0,360.0,1.0,2,0,4550.0,8.422882511944996,4.852030263919617,0.35555555555555557,35.546875
LP002534,0,0,0,1,0,4350,0.0,154.0,360.0,1.0,0,1,4350.0,8.37793112408273,5.0369526024136295,0.42777777777777776,28.246753246753247
LP002536,1,1,3,1,0,3095,0.0,113.0,360.0,1.0,0,1,3095.0,8.037543185118697,4.727387818712341,0.3138888888888889,27.38938053097345
LP002537,1,1,0,0,0,2083,3150.0,128.0,360.0,1.0,1,1,5233.0,8.562740006372207,4.852030263919617,0.35555555555555557,40.8828125
LP002541,1,1,0,0,0,10833,0.0,234.0,360.0,1.0,1,1,10833.0,9.290352309945568,5.455321115357702,0.65,46.294871794871796
LP002543,1,1,2,0,0,8333,0.0,246.0,360.0,1.0,1,1,8333.0,9.027978814382207,5.5053315359323625,0.6833333333333333,33.8739837398374
LP002544,1,1,1,1,0,1958,2436.0,131.0,360.0,1.0,0,1,4394.0,8.387995252944556,4.875197323201151,0.3638888888888889,33.541984732824424
LP002545,1,0,2,0,0,3547,0.0,80.0,360.0,0.0,0,0,3547.0,8.173857454773621,4.382026634673881,0.2222222222222222,44.3375
LP002547,1,1,1,0,0,18333,0.0,500.0,360.0,1.0,2,0,18333.0,9.816457993563025,6.214608098422191,1.3888888888888888,36.666
LP002555,1,1,2,0,1,4583,2083.0,160.0,360.0,1.0,1,1,6666.0,8.804775258867686,5.075173815233827,0.4444444444444444,41.6625
LP002556,1,0,0,0,0,2435,0.0,75.0,360.0,1.0,2,0,2435.0,7.79770203551669,4.31748811353631,0.20833333333333334,32.46666666666667
LP002560,1,0,0,1,0,2699,2785.0,96.0,360.0,1.0,1,1,5484.0,8.609590040682205,4.564348191467836,0.26666666666666666,57.125
LP002562,1,1,1,1,0,5333,1131.0,186.0,360.0,1.0,2,1,6464.0,8.774003600200931,5.225746673713202,0.5166666666666667,34.75268817204301
LP002571,1,0,0,1,0,3691,0.0,110.0,360.0,1.0,0,1,3691.0,8.213652703029998,4.700480365792417,0.3055555555555556,33.554545454545455
LP002582,0,0,0,1,1,17263,0.0,225.0,360.0,1.0,1,1,17263.0,9.756320761816548,5.41610040220442,0.625,76.72444444444444
LP002585,1,1,0,0,0,3597,2157.0,119.0,360.0,0.0,0,0,5754.0,8.657650544111494,4.77912349311153,0.33055555555555555,48.35294117647059
LP002586,0,1,1,0,0,3326,913.0,105.0,84.0,1.0,1,1,4239.0,8.352082671352637,4.653960350157523,1.25,40.371428571428574
LP002587,1,1,0,1,0,2600,1700.0,107.0,360.0,1.0,0,1,4300.0,8.366370301681654,4.672828834461906,0.2972222222222222,40.18691588785047
LP002588,1,1,0,0,0,4625,2857.0,111.0,12.0,1.0,2,1,7482.0,8.920255414908091,4.709530201312334,9.25,67.4054054054054
LP002600,1,1,1,0,1,2895,0.0,95.0,360.0,1.0,1,1,2895.0,7.970740390007095,4.553876891600541,0.2638888888888889,30.473684210526315
LP002602,1,0,0,0,0,6283,4416.0,209.0,360.0,0.0,0,0,10699.0,9.277905558138606,5.342334251964811,0.5805555555555556,51.19138755980861
LP002603,0,0,0,0,0,645,3683.0,113.0,480.0,1.0,0,1,4328.0,8.372860820526318,4.727387818712341,0.23541666666666666,38.30088495575221
LP002606,0,0,0,0,0,3159,0.0,100.0,360.0,1.0,1,1,3159.0,8.058010800802085,4.605170185988092,0.2777777777777778,31.59
LP002615,1,1,2,0,0,4865,5624.0,208.0,360.0,1.0,1,1,10489.0,9.258082367961604,5.337538079701318,0.5777777777777777,50.42788461538461
LP002618,1,1,1,1,0,4050,5302.0,138.0,360.0,1.0,0,0,9352.0,9.143345503151904,4.927253685157205,0.38333333333333336,67.76811594202898
LP002619,1,1,0,1,0,3814,1483.0,124.0,300.0,1.0,1,1,5297.0,8.574895901544526,4.820281565605037,0.41333333333333333,42.71774193548387
LP002622,1,1,2,0,0,3510,4416.0,243.0,360.0,1.0,0,1,7926.0,8.97790377375038,5.493061443340548,0.675,32.617283950617285
LP002624,1,1,0,0,0,20833,6667.0,480.0,360.0,1.0,2,1,27500.0,10.221941283654663,6.173786103901937,1.3333333333333333,57.291666666666664
LP002625,1,0,0,0,0,3583,0.0,96.0,360.0,1.0,2,0,3583.0,8.183955717304954,4.564348191467836,0.26666666666666666,37.322916666666664
LP002626,1,1,0,0,1,2479,3013.0,188.0,360.0,1.0,2,1,5492.0,8.61104776688786,5.236441962829949,0.5222222222222223,29.21276595744681
LP002634,0,0,1,0,0,13262,0.0,40.0,360.0,1.0,2,1,13262.0,9.492658081928813,3.6888794541139363,0.1111111111111111,331.55
LP002637,1,0,0,1,0,3598,1287.0,100.0,360.0,1.0,0,0,4885.0,8.493924564476883,4.605170185988092,0.2777777777777778,48.85
LP002640,1,1,1,0,0,6065,2004.0,250.0,360.0,1.0,1,1,8069.0,8.995784837848506,5.521460917862246,0.6944444444444444,32.276
LP002643,1,1,2,0,0,3283,2035.0,148.0,360.0,1.0,2,1,5318.0,8.578852571802965,4.997212273764115,0.4111111111111111,35.932432432432435
LP002648,1,1,0,0,0,2130,6666.0,70.0,180.0,1.0,1,0,8796.0,9.082052351674651,4.248495242049359,0.3888888888888889,125.65714285714286
LP002652,1,0,0,0,0,5815,3666.0,311.0,360.0,1.0,0,0,9481.0,9.15704507491796,5.739792912179234,0.8638888888888889,30.485530546623796
LP002659,1,1,3,0,0,3466,3428.0,150.0,360.0,1.0,0,1,6894.0,8.83840674707681,5.0106352940962555,0.4166666666666667,45.96
LP002670,0,1,2,0,0,2031,1632.0,113.0,480.0,1.0,1,1,3663.0,8.206037762778815,4.727387818712341,0.23541666666666666,32.415929203539825
LP002682,1,1,0,1,0,3074,1800.0,123.0,360.0,0.0,1,0,4874.0,8.491670234185152,4.812184355372417,0.3416666666666667,39.6260162601626
LP002683,1,0,0,0,0,4683,1915.0,185.0,360.0,1.0,1,0,6598.0,8.794521851788527,5.220355825078324,0.5138888888888888,35.66486486486487
LP002684,0,0,0,1,0,3400,0.0,95.0,360.0,1.0,0,0,3400.0,8.131530710604252,4.553876891600541,0.2638888888888889,35.78947368421053
LP002689,1,1,2,1,0,2192,1742.0,45.0,360.0,1.0,1,1,3934.0,8.277411998949004,3.8066624897703196,0.125,87.42222222222222
LP002690,1,0,0,0,0,2500,0.0,55.0,360.0,1.0,1,1,2500.0,7.824046010856292,4.007333185232471,0.1527777777777778,45.45454545454545
LP002692,1,1,3,0,1,5677,1424.0,100.0,360.0,1.0,0,1,7101.0,8.867990898182093,4.605170185988092,0.2777777777777778,71.01
LP002693,1,1,2,0,1,7948,7166.0,480.0,360.0,1.0,0,1,15114.0,9.623376745580666,6.173786103901937,1.3333333333333333,31.4875
LP002697,1,0,0,0,0,4680,2087.0,128.0,360.0,1.0,1,0,6767.0,8.819813136232225,4.852030263919617,0.35555555555555557,52.8671875
LP002699,1,1,2,0,1,17500,0.0,400.0,360.0,1.0,0,1,17500.0,9.769956159911606,5.991464547107982,1.1111111111111112,43.75
LP002705,1,1,0,0,0,3775,0.0,110.0,360.0,1.0,1,1,3775.0,8.236155661683124,4.700480365792417,0.3055555555555556,34.31818181818182
LP002706,1,1,1,1,0,5285,1430.0,161.0,360.0,0.0,1,1,6715.0,8.812099108957337,5.081404364984463,0.44722222222222224,41.70807453416149
LP002714,1,0,1,1,0,2679,1302.0,94.0,360.0,1.0,1,1,3981.0,8.289288323000317,4.543294782270004,0.2611111111111111,42.351063829787236
LP002716,1,0,0,1,0,6783,0.0,130.0,360.0,1.0,1,1,6783.0,8.82217476094608,4.867534450455582,0.3611111111111111,52.176923076923075
LP002717,1,1,0,0,0,1025,5500.0,216.0,360.0,1.0,0,1,6525.0,8.783396232190894,5.375278407684165,0.6,30.208333333333332
LP002720,1,1,3,0,0,4281,0.0,100.0,360.0,1.0,2,1,4281.0,8.361941906144946,4.605170185988092,0.2777777777777778,42.81
LP002723,1,0,2,0,0,3588,0.0,110.0,360.0,0.0,0,0,3588.0,8.185350223178686,4.700480365792417,0.3055555555555556,32.61818181818182
LP002729,1,0,1,0,0,11250,0.0,196.0,360.0,1.0,1,0,11250.0,9.328123407632566,5.278114659230517,0.5444444444444444,57.39795918367347
LP002731,0,0,0,1,1,18165,0.0,125.0,360.0,1.0,2,1,18165.0,9.807251944655302,4.8283137373023015,0.3472222222222222,145.32
LP002732,1,0,0,1,0,2550,2042.0,126.0,360.0,1.0,0,1,4592.0,8.432070937999402,4.836281906951478,0.35,36.44444444444444
LP002734,1,1,0,0,0,6133,3906.0,324.0,360.0,1.0,2,1,10039.0,9.214232786691527,5.780743515792329,0.9,30.984567901234566
LP002738,1,0,2,0,0,3617,0.0,107.0,360.0,1.0,1,1,3617.0,8.193400231952097,4.672828834461906,0.2972222222222222,33.80373831775701
LP002739,1,1,0,1,0,2917,536.0,66.0,360.0,1.0,0,0,3453.0,8.146998697389993,4.189654742026425,0.18333333333333332,52.31818181818182
LP002740,1,1,3,0,0,6417,0.0,157.0,180.0,1.0,0,1,6417.0,8.766705997750515,5.056245805348308,0.8722222222222222,40.87261146496815
LP002741,0,1,1,0,0,4608,2845.0,140.0,180.0,1.0,1,1,7453.0,8.916371914881694,4.941642422609304,0.7777777777777778,53.23571428571429
LP002743,0,0,0,0,0,2138,0.0,99.0,360.0,0.0,1,0,2138.0,7.6676260915849905,4.59511985013459,0.275,21.595959595959595
LP002753,0,0,1,0,0,3652,0.0,95.0,360.0,1.0,1,1,3652.0,8.20303024171486,4.553876891600541,0.2638888888888889,38.44210526315789
LP002755,1,1,1,1,0,2239,2524.0,128.0,360.0,1.0,2,1,4763.0,8.46863300080086,4.852030263919617,0.35555555555555557,37.2109375
LP002757,0,1,0,1,0,3017,663.0,102.0,360.0,1.0,1,1,3680.0,8.210668031162976,4.624972813284271,0.2833333333333333,36.07843137254902
LP002767,1,1,0,0,0,2768,1950.0,155.0,360.0,1.0,0,1,4718.0,8.45914025996762,5.043425116919247,0.4305555555555556,30.438709677419354
LP002768,1,0,0,1,0,3358,0.0,80.0,36.0,1.0,1,0,3358.0,8.119100837637486,4.382026634673881,2.2222222222222223,41.975
LP002772,1,0,0,0,0,2526,1783.0,145.0,360.0,1.0,0,1,4309.0,8.368461137615839,4.976733742420574,0.4027777777777778,29.717241379310344
LP002776,0,0,0,0,0,5000,0.0,103.0,360.0,0.0,1,0,5000.0,8.517193191416238,4.634728988229636,0.2861111111111111,48.54368932038835
LP002777,1,1,0,0,0,2785,2016.0,110.0,360.0,1.0,0,1,4801.0,8.476579508530941,4.700480365792417,0.3055555555555556,43.64545454545455
LP002778,1,1,2,0,1,6633,0.0,128.0,360.0,0.0,0,0,6633.0,8.799812469525556,4.852030263919617,0.35555555555555557,51.8203125
LP002784,1,1,1,1,0,2492,2375.0,128.0,360.0,1.0,0,1,4867.0,8.490233009833455,4.852030263919617,0.35555555555555557,38.0234375
LP002785,1,1,1,0,0,3333,3250.0,158.0,360.0,1.0,2,1,6583.0,8.792245847467877,5.062595033026967,0.4388888888888889,41.664556962025316
LP002788,1,1,0,1,0,2454,2333.0,181.0,360.0,0.0,2,0,4787.0,8.473659189392508,5.198497031265826,0.5027777777777778,26.447513812154696
LP002789,1,1,0,0,0,3593,4266.0,132.0,180.0,0.0,0,0,7859.0,8.969414650866176,4.882801922586371,0.7333333333333333,59.53787878787879
LP002792,1,1,1,0,0,5468,1032.0,26.0,360.0,1.0,1,1,6500.0,8.779557455883728,3.258096538021482,0.07222222222222222,250.0
LP002794,0,0,0,0,0,2667,1625.0,84.0,360.0,1.0,2,1,4292.0,8.36450810375059,4.430816798843313,0.23333333333333334,51.095238095238095
LP002795,1,1,3,0,1,10139,0.0,260.0,360.0,1.0,1,1,10139.0,9.22414465295258,5.560681631015528,0.7222222222222222,38.996153846153845
LP002798,1,1,0,0,0,3887,2669.0,162.0,360.0,1.0,1,1,6556.0,8.78813593986372,5.087596335232384,0.45,40.46913580246913
LP002804,0,1,0,0,0,4180,2306.0,182.0,360.0,1.0,1,1,6486.0,8.777401286867264,5.204006687076795,0.5055555555555555,35.637362637362635
LP002807,1,1,2,1,0,3675,242.0,108.0,360.0,1.0,1,1,3917.0,8.27308133366583,4.68213122712422,0.3,36.26851851851852
LP002813,0,1,1,0,1,19484,0.0,600.0,360.0,1.0,1,1,19484.0,9.877348894926433,6.396929655216146,1.6666666666666667,32.473333333333336
LP002820,1,1,0,0,0,5923,2054.0,211.0,360.0,1.0,0,1,7977.0,8.984317679911129,5.351858133476067,0.5861111111111111,37.80568720379147
LP002821,1,0,0,1,1,5800,0.0,132.0,360.0,1.0,1,1,5800.0,8.66561319653451,4.882801922586371,0.36666666666666664,43.93939393939394
LP002832,1,1,2,0,0,8799,0.0,258.0,360.0,0.0,2,0,8799.0,9.08239335764556,5.552959584921617,0.7166666666666667,34.104651162790695
LP002833,1,1,0,1,0,4467,0.0,120.0,360.0,1.0,0,1,4467.0,8.404472321352118,4.787491742782046,0.3333333333333333,37.225
LP002836,1,0,0,0,0,3333,0.0,70.0,360.0,1.0,2,1,3333.0,8.11162807830774,4.248495242049359,0.19444444444444445,47.614285714285714
LP002837,1,1,3,0,0,3400,2500.0,123.0,360.0,0.0,0,0,5900.0,8.68270762989381,4.812184355372417,0.3416666666666667,47.96747967479675
LP002840,0,0,0,0,0,2378,0.0,9.0,360.0,1.0,2,0,2378.0,7.774015077250727,2.1972245773362196,0.025,264.22222222222223
LP002841,1,1,0,0,0,3166,2064.0,104.0,360.0,0.0,2,0,5230.0,8.56216655705897,4.6443908991413725,0.28888888888888886,50.28846153846154
LP002842,1,1,1,0,0,3417,1750.0,186.0,360.0,1.0,2,1,5167.0,8.550047528287184,5.225746673713202,0.5166666666666667,27.77956989247312
LP002847,1,1,0,0,0,5116,1451.0,165.0,360.0,0.0,2,0,6567.0,8.789812386190972,5.10594547390058,0.4583333333333333,39.8
LP002855,1,1,2,0,0,16666,0.0,275.0,360.0,1.0,2,1,16666.0,9.721125994942152,5.616771097666572,0.7638888888888888,60.60363636363636
LP002862,1,1,2,1,0,6125,1625.0,187.0,480.0,1.0,1,0,7750.0,8.955448122347393,5.231108616854587,0.38958333333333334,41.44385026737968
LP002863,1,1,3,0,0,6406,0.0,150.0,360.0,1.0,1,0,6406.0,8.764990330169104,5.0106352940962555,0.4166666666666667,42.70666666666666
LP002868,1,1,2,0,0,3159,461.0,108.0,84.0,1.0,2,1,3620.0,8.194229304819817,4.68213122712422,1.2857142857142858,33.51851851851852
LP002872,1,1,0,0,0,3087,2210.0,136.0,360.0,0.0,1,0,5297.0,8.574895901544526,4.912654885736052,0.37777777777777777,38.9485294117647
LP002874,1,0,0,0,0,3229,2739.0,110.0,360.0,1.0,2,1,5968.0,8.694167141883597,4.700480365792417,0.3055555555555556,54.25454545454546
LP002877,1,1,1,0,0,1782,2232.0,107.0,360.0,1.0,0,1,4014.0,8.297543529356284,4.672828834461906,0.2972222222222222,37.51401869158879
LP002888,1,0,0,0,0,3182,2917.0,161.0,360.0,1.0,2,1,6099.0,8.715880102296456,5.081404364984463,0.44722222222222224,37.88198757763975
LP002892,1,1,2,0,0,6540,0.0,205.0,360.0,1.0,1,1,6540.0,8.785692444451245,5.3230099791384085,0.5694444444444444,31.902439024390244
LP002893,1,0,0,0,0,1836,33837.0,90.0,360.0,1.0,2,0,35673.0,10.482149379105689,4.499809670330265,0.25,396.3666666666667
LP002894,0,1,0,0,0,3166,0.0,36.0,360.0,1.0,1,1,3166.0,8.060224240440958,3.58351893845611,0.1,87.94444444444444
LP002898,1,1,1,0,0,1880,0.0,61.0,360.0,1.0,0,0,1880.0,7.539027055823995,4.110873864173311,0.16944444444444445,30.81967213114754
LP002911,1,1,1,0,0,2787,1917.0,146.0,360.0,0.0,0,0,4704.0,8.456168489578463,4.983606621708336,0.40555555555555556,32.21917808219178
LP002912,1,1,1,0,0,4283,3000.0,172.0,84.0,1.0,0,0,7283.0,8.893298144217916,5.147494476813453,2.0476190476190474,42.343023255813954
LP002916,1,1,0,0,0,2297,1522.0,104.0,360.0,1.0,2,1,3819.0,8.247743887225516,4.6443908991413725,0.28888888888888886,36.72115384615385
LP002917,0,0,0,1,0,2165,0.0,70.0,360.0,1.0,1,1,2165.0,7.68017564043659,4.248495242049359,0.19444444444444445,30.928571428571427
LP002925,1,0,0,0,0,4750,0.0,94.0,360.0,1.0,1,1,4750.0,8.465899897028686,4.543294782270004,0.2611111111111111,50.53191489361702
LP002926,1,1,2,0,1,2726,0.0,106.0,360.0,0.0,1,0,2726.0,7.9105906122564775,4.663439094112067,0.29444444444444445,25.71698113207547
LP002928,1,1,0,0,0,3000,3416.0,56.0,180.0,1.0,1,1,6416.0,8.766550149546351,4.02535169073515,0.3111111111111111,114.57142857142857
LP002931,1,1,2,0,1,6000,0.0,205.0,240.0,1.0,1,0,6000.0,8.699514748210191,5.3230099791384085,0.8541666666666666,29.26829268292683
LP002933,1,0,3,0,1,9357,0.0,292.0,360.0,1.0,1,1,9357.0,9.143880005275912,5.676753802268282,0.8111111111111111,32.044520547945204
LP002936,1,1,0,0,0,3859,3300.0,142.0,180.0,1.0,0,1,7159.0,8.876125585396185,4.955827057601261,0.7888888888888889,50.41549295774648
LP002938,1,1,0,0,1,16120,0.0,260.0,360.0,1.0,2,1,16120.0,9.68781601606062,5.560681631015528,0.7222222222222222,62.0
LP002940,1,0,0,1,0,3833,0.0,110.0,360.0,1.0,0,1,3833.0,8.251403065380556,4.700480365792417,0.3055555555555556,34.845454545454544
LP002941,1,1,2,1,1,6383,1000.0,187.0,360.0,1.0,0,0,7383.0,8.906935339059165,5.231108616854587,0.5194444444444445,39.481283422459896
LP002943,1,0,0,0,0,2987,0.0,88.0,360.0,0.0,1,0,2987.0,8.00202481821611,4.477336814478207,0.24444444444444444,33.94318181818182
LP002945,1,1,0,0,1,9963,0.0,180.0,360.0,1.0,0,1,9963.0,9.206633510044856,5.19295685089021,0.5,55.35
LP002948,1,1,2,0,0,5780,0.0,192.0,360.0,1.0,2,1,5780.0,8.662158961666423,5.2574953720277815,0.5333333333333333,30.104166666666668
LP002949,0,0,3,0,0,416,41667.0,350.0,180.0,1.0,2,0,42083.0,10.647399137646048,5.857933154483459,1.9444444444444444,120.23714285714286
LP002950,1,1,0,1,0,2894,2792.0,155.0,360.0,1.0,0,1,5686.0,8.645762292210945,5.043425116919247,0.4305555555555556,36.68387096774194
LP002953,1,1,3,0,0,5703,0.0,128.0,360.0,1.0,2,1,5703.0,8.648747631156539,4.852030263919617,0.35555555555555557,44.5546875
LP002958,1,0,0,0,0,3676,4301.0,172.0,360.0,1.0,0,1,7977.0,8.984317679911129,5.147494476813453,0.4777777777777778,46.377906976744185
LP002959,0,1,1,0,0,12000,0.0,496.0,360.0,1.0,1,1,12000.0,9.392661928770137,6.206575926724928,1.3777777777777778,24.193548387096776
LP002960,1,1,0,1,0,2400,3800.0,128.0,180.0,1.0,2,0,6200.0,8.732304571033183,4.852030263919617,0.7111111111111111,48.4375
LP002961,1,1,1,0,0,3400,2500.0,173.0,360.0,1.0,1,1,5900.0,8.68270762989381,5.153291594497779,0.48055555555555557,34.104046242774565
LP002964,1,1,2,1,0,3987,1411.0,157.0,360.0,1.0,0,1,5398.0,8.59378379357795,5.056245805348308,0.4361111111111111,34.382165605095544
LP002974,1,1,0,0,0,3232,1950.0,108.0,360.0,1.0,0,1,5182.0,8.552946361122055,4.68213122712422,0.3,47.98148148148148
LP002978,0,0,0,0,0,2900,0.0,71.0,360.0,1.0,0,1,2900.0,7.9724660159745655,4.2626798770413155,0.19722222222222222,40.84507042253521
LP002979,1,1,3,0,0,4106,0.0,40.0,180.0,1.0,0,1,4106.0,8.32020459757888,3.6888794541139363,0.2222222222222222,102.65
LP002983,1,1,1,0,0,8072,240.0,253.0,360.0,1.0,2,1,8312.0,9.025455532779063,5.53338948872752,0.7027777777777777,32.85375494071146
LP002984,1,1,2,0,0,7583,0.0,187.0,360.0,1.0,2,1,7583.0,8.933664178700935,5.231108616854587,0.5194444444444445,40.55080213903744
LP002990,0,0,0,0,1,4583,0.0,133.0,360.0,0.0,1,0,4583.0,8.430109084509125,4.890349128221754,0.36944444444444446,34.45864661654135
